Column,ST_NAME,Field,Value
AC_NAME,Andhra Pradesh,ACHAMPET,ACHAMPET
AC_NAME,Andhra Pradesh,ACHANTA,ACHANTA
AC_NAME,Andhra Pradesh,ADDANKI,ADDANKI
AC_NAME,Andhra Pradesh,ADILABAD,ADILABAD
AC_NAME,Andhra Pradesh,ADONI,ADONI
AC_NAME,Andhra Pradesh,ALAIR,ALAIR
AC_NAME,Andhra Pradesh,ALAMPUR,ALAMPUR
AC_NAME,Andhra Pradesh,ALAMURU,ALAMURU
AC_NAME,Andhra Pradesh,ALLAGADDA,ALLAGADDA
AC_NAME,Andhra Pradesh,ALLAGAHDA,ALLAGADDA
AC_NAME,Andhra Pradesh,ALLAVARAM,ALLAVARAM
AC_NAME,Andhra Pradesh,ALLUR,ALLUR
AC_NAME,Andhra Pradesh,ALUR,ALLUR
AC_NAME,Andhra Pradesh,AMADALAVALASA,AMADALAVALASA
AC_NAME,Andhra Pradesh,AMALAPURAM,AMALAPURAM
AC_NAME,Andhra Pradesh,AMARCHINTA,AMARCHINTA
AC_NAME,Andhra Pradesh,AMBERPET,AMBERPET
AC_NAME,Andhra Pradesh,AMMANABAROLU,AMMANABROLU
AC_NAME,Andhra Pradesh,AMMANABROLU,AMMANABROLU
AC_NAME,Andhra Pradesh,ANAKAPALLE,ANAKAPALLE
AC_NAME,Andhra Pradesh,ANAKAPALLI,ANAKAPALLE
AC_NAME,Andhra Pradesh,ANANTAPUR,ANANTAPUR
AC_NAME,Andhra Pradesh,ANANTAPUR URBAN,ANANTAPUR URBAN
AC_NAME,Andhra Pradesh,ANAPARTHI,ANAPARTHI
AC_NAME,Andhra Pradesh,ANAPARTHY,ANAPARTHI
AC_NAME,Andhra Pradesh,ANATAPUR,ANANTAPUR
AC_NAME,Andhra Pradesh,ANDOLE,ANDOLE
AC_NAME,Andhra Pradesh,ARAKU VALLEY,ARAKU VALLEY
AC_NAME,Andhra Pradesh,ARMOOR,ARMUR
AC_NAME,Andhra Pradesh,ARMUR,ARMUR
AC_NAME,Andhra Pradesh,ASAFNAGAR,ASAFNAGAR
AC_NAME,Andhra Pradesh,ASIFABAD,ASIFABAD
AC_NAME,Andhra Pradesh,ASWARAOPETA,ASWARAOPETA
AC_NAME,Andhra Pradesh,ATILL,ATTILI
AC_NAME,Andhra Pradesh,ATMAKUR,ATMAKUR
AC_NAME,Andhra Pradesh,ATTILI,ATTILI
AC_NAME,Andhra Pradesh,AVANIGADDA,AVANIGADDA
AC_NAME,Andhra Pradesh,BADVEL,BADVEL
AC_NAME,Andhra Pradesh,BAHDURPURA,BAHDURPURA
AC_NAME,Andhra Pradesh,BALIJIPETA,BALIJIPETA
AC_NAME,Andhra Pradesh,BALKONDA,BALKONDA
AC_NAME,Andhra Pradesh,BANAGANAPALLE,BANAGANAPALLE
AC_NAME,Andhra Pradesh,BANDAR,MACHILIPATNAM
AC_NAME,Andhra Pradesh,BANGARIPOLIEM,BANGARIPOLIEM
AC_NAME,Andhra Pradesh,BANSWADA,BANSWADA
AC_NAME,Andhra Pradesh,BAPATA,BAPATLA
AC_NAME,Andhra Pradesh,BAPATLA,BAPATLA
AC_NAME,Andhra Pradesh,BEGUM BAZAAR,BEGUM BAZAR
AC_NAME,Andhra Pradesh,BEGUM BAZAR,BEGUM BAZAR
AC_NAME,Andhra Pradesh,BELLAMPALLY,BELLAMPALLY
AC_NAME,Andhra Pradesh,BHADRACHALAM,BHADRACHALAM
AC_NAME,Andhra Pradesh,BHADRACHELAM,BHADRACHALAM
AC_NAME,Andhra Pradesh,BHADRAHCALAM,BHADRACHALAM
AC_NAME,Andhra Pradesh,BHEEMUNIPATNAM,BHIMLI
AC_NAME,Andhra Pradesh,BHEMUNIPATNAM,BHIMLI
AC_NAME,Andhra Pradesh,BHIMAVARAM,BHIMAVARAM
AC_NAME,Andhra Pradesh,BHIMLI,BHIMLI
AC_NAME,Andhra Pradesh,BHOGAPURAM,BHOGAPURAM
AC_NAME,Andhra Pradesh,BHONGIR,BHONGIR
AC_NAME,Andhra Pradesh,BHUPALPALLE,BHUPALPALLE
AC_NAME,Andhra Pradesh,BOATH,BOATH
AC_NAME,Andhra Pradesh,BOBBILI,BOBBILI
AC_NAME,Andhra Pradesh,BODDAM,BODDAM
AC_NAME,Andhra Pradesh,BODHAN,BODHAN
AC_NAME,Andhra Pradesh,BRAHMANATARALA,BRAHMANATARLA
AC_NAME,Andhra Pradesh,BRAHMANATARLA,BRAHMANATARLA
AC_NAME,Andhra Pradesh,BUCHIREDDIPALEM,BUCHIREDDIPALEM
AC_NAME,Andhra Pradesh,BUGGARAM,BUGGARAM
AC_NAME,Andhra Pradesh,BURAGAMPAHAD,BURGAMPAHAD
AC_NAME,Andhra Pradesh,BURGAMPAHAD,BURGAMPAHAD
AC_NAME,Andhra Pradesh,BURUGUPUDI,BURUGUPUDI
AC_NAME,Andhra Pradesh,CHALAKURTHI,CHALAKURTHI
AC_NAME,Andhra Pradesh,CHANDRAGIRI,CHANDRAGIRI
AC_NAME,Andhra Pradesh,CHANDRAYANGUTTA,CHANDRAYANGUTTA
AC_NAME,Andhra Pradesh,CHANNUR,CHANNUR
AC_NAME,Andhra Pradesh,CHARMINAR,CHARMINAR
AC_NAME,Andhra Pradesh,CHEEPURUPALLE,CHEEPURUPALLI
AC_NAME,Andhra Pradesh,CHEEPURUPALLI,CHEEPURUPALLI
AC_NAME,Andhra Pradesh,CHENNUR,CHENNUR
AC_NAME,Andhra Pradesh,CHERIAL,CHERIYAL
AC_NAME,Andhra Pradesh,CHERIYAL,CHERIYAL
AC_NAME,Andhra Pradesh,CHEVELLA,CHEVELLA
AC_NAME,Andhra Pradesh,CHEYYERU,CHEYYERU
AC_NAME,Andhra Pradesh,CHILAKALURIPET,CHILAKALURIPET
AC_NAME,Andhra Pradesh,CHILAKALURIPETA,CHILAKALURIPET
AC_NAME,Andhra Pradesh,CHILAKULURIPET,CHILAKALURIPET
AC_NAME,Andhra Pradesh,CHILLAMCHERLA,CHILLAMCHERLA
AC_NAME,Andhra Pradesh,CHINNAKONDUR,CHINNAKONDUR
AC_NAME,Andhra Pradesh,CHINNUR,CHINNUR
AC_NAME,Andhra Pradesh,CHINTALAPUDI,CHINTALAPUDI
AC_NAME,Andhra Pradesh,CHINTAPALLI,CHINTAPALLI
AC_NAME,Andhra Pradesh,CHIRALA,CHIRALA
AC_NAME,Andhra Pradesh,CHITTOOR,CHITTOOR
AC_NAME,Andhra Pradesh,CHODAVARAM,CHODAVARAM
AC_NAME,Andhra Pradesh,CHOPPADANDI,CHOPPADANDI
AC_NAME,Andhra Pradesh,CUDDAPAH,KADAPA
AC_NAME,Andhra Pradesh,CUDDAPAM,KADAPA
AC_NAME,Andhra Pradesh,CUMBUM,CUMBUM
AC_NAME,Andhra Pradesh,DARSI,DARSI
AC_NAME,Andhra Pradesh,DENDULUR,DENDULURU
AC_NAME,Andhra Pradesh,DENDULURU,DENDULURU
AC_NAME,Andhra Pradesh,DEVARAKONDA,DEVARAKONDA
AC_NAME,Andhra Pradesh,DEVARKADRA,DEVARKADRA
AC_NAME,Andhra Pradesh,DEVARKONDA,DEVARAKONDA
AC_NAME,Andhra Pradesh,DEVERKONDA,DEVARAKONDA
AC_NAME,Andhra Pradesh,DEVI,DEVI
AC_NAME,Andhra Pradesh,DHAMASAGAR,DHAMASAGAR
AC_NAME,Andhra Pradesh,DHAMAVARAM,DHARMAVARAM
AC_NAME,Andhra Pradesh,DHARAMAVARAM,DHARMAVARAM
AC_NAME,Andhra Pradesh,DHARMAPURI,DHARMAPURI
AC_NAME,Andhra Pradesh,DHARMAVARAM,DHARMAVARAM
AC_NAME,Andhra Pradesh,DHONE,DHONE
AC_NAME,Andhra Pradesh,DICHPALLI,DICHPALLI
AC_NAME,Andhra Pradesh,DICHPALLY,DICHPALLI
AC_NAME,Andhra Pradesh,DOMMAT,DOMMAT
AC_NAME,Andhra Pradesh,DORNAKAL,DORNAKAL
AC_NAME,Andhra Pradesh,DUBBAK,DUBBAK
AC_NAME,Andhra Pradesh,DUGGIRALA,DUGGIRALA
AC_NAME,Andhra Pradesh,ELAMANCHILI,YELLAMANCHILI
AC_NAME,Andhra Pradesh,ELURU,ELURU
AC_NAME,Andhra Pradesh,EPANJERI,EPANJERI
AC_NAME,Andhra Pradesh,ETCHERLA,ETCHERLA
AC_NAME,Andhra Pradesh,GADWAL,GADWAL
AC_NAME,Andhra Pradesh,GAGAN MAHAL,GAGAN MAHAL
AC_NAME,Andhra Pradesh,GAJAPATHINAGARAM,GAJAPATHINAGARAM
AC_NAME,Andhra Pradesh,GAJAPATINAGARAM,GAJAPATHINAGARAM
AC_NAME,Andhra Pradesh,GAJUWAKA,GAJUWAKA
AC_NAME,Andhra Pradesh,GAJWEL,GAJWEL
AC_NAME,Andhra Pradesh,GANGADHARA NELLORE,GANGADHARA NELLORE
AC_NAME,Andhra Pradesh,GANNAVARAM,GANNAVARAM
AC_NAME,Andhra Pradesh,GAZWEL,GAJWEL
AC_NAME,Andhra Pradesh,GHANPUR,GHANPUR (STATION)
AC_NAME,Andhra Pradesh,GHANPUR (STATION),GHANPUR (STATION)
AC_NAME,Andhra Pradesh,GHIRALA,CHIRALA
AC_NAME,Andhra Pradesh,GIDDALUR,GIDDALUR
AC_NAME,Andhra Pradesh,GOLUGONDA,GOLUGONDA
AC_NAME,Andhra Pradesh,GOMPA,GOMPA
AC_NAME,Andhra Pradesh,GOOTY,GOOTY
AC_NAME,Andhra Pradesh,GOPALAPURAM,GOPALAPURAM
AC_NAME,Andhra Pradesh,GOPALPURAM,GOPALAPURAM
AC_NAME,Andhra Pradesh,GORANTLA,GORANTLA
AC_NAME,Andhra Pradesh,GOSHAMAHAL,GOSHAMAHAL
AC_NAME,Andhra Pradesh,GUDEM,GUDEM
AC_NAME,Andhra Pradesh,GUDIVADA,GUDIVADA
AC_NAME,Andhra Pradesh,GUDUR,GUDUR
AC_NAME,Andhra Pradesh,GUNTAKAL,GUNTAKAL
AC_NAME,Andhra Pradesh,GUNTUR EAST,GUNTUR EAST
AC_NAME,Andhra Pradesh,GUNTUR I,GUNTUR I
AC_NAME,Andhra Pradesh,GUNTUR I I,GUNTUR II
AC_NAME,Andhra Pradesh,GUNTUR II,GUNTUR II
AC_NAME,Andhra Pradesh,GUNTUR WEST,GUNTUR WEST
AC_NAME,Andhra Pradesh,GUNTUR-I,GUNTUR I
AC_NAME,Andhra Pradesh,GUNTUR-II,GUNTUR II
AC_NAME,Andhra Pradesh,GURUZALA,GURZALA
AC_NAME,Andhra Pradesh,GURZALA,GURZALA
AC_NAME,Andhra Pradesh,HANAMKONDA,HANAMKONDA
AC_NAME,Andhra Pradesh,HARASAPUR,NARSAPUR
AC_NAME,Andhra Pradesh,HARISCHANDRAPURAM,HARISHCHANDRA PURAM
AC_NAME,Andhra Pradesh,HARISHCHANDRA,HARISHCHANDRA PURAM
AC_NAME,Andhra Pradesh,HARISHCHANDRA PURAM,HARISHCHANDRA PURAM
AC_NAME,Andhra Pradesh,HASANPARTHI,HASANPARTHY
AC_NAME,Andhra Pradesh,HASANPARTHY,HASANPARTHY
AC_NAME,Andhra Pradesh,HIGH COURT,HIGH COURT
AC_NAME,Andhra Pradesh,HIMAYATNAGAR,HIMAYATNAGAR
AC_NAME,Andhra Pradesh,HINDUPUR,HINDUPUR
AC_NAME,Andhra Pradesh,HUSNABAD,HUSNABAD
AC_NAME,Andhra Pradesh,HUZURABAD,HUZURABAD
AC_NAME,Andhra Pradesh,HUZURNAGAR,HUZURNAGAR
AC_NAME,Andhra Pradesh,HYDERABAD EAST,HYDERABAD EAST
AC_NAME,Andhra Pradesh,IBRAHIMPATAM,IBRAHIMPATNAM
AC_NAME,Andhra Pradesh,IBRAHIMPATNAM,IBRAHIMPATNAM
AC_NAME,Andhra Pradesh,ICHAPURAM,ICHCHAPURAM
AC_NAME,Andhra Pradesh,ICHCHAPURAM,ICHCHAPURAM
AC_NAME,Andhra Pradesh,INDURTHI,INDURTHI
AC_NAME,Andhra Pradesh,INDURTHY,INDURTHI
AC_NAME,Andhra Pradesh,JADCHERLA,JADCHERLA
AC_NAME,Andhra Pradesh,JAGGAMPETA,JAGGAMPETA
AC_NAME,Andhra Pradesh,JAGGAYYAPET,JAGGAYYAPET
AC_NAME,Andhra Pradesh,JAGGAYYAPETA,JAGGAYYAPET
AC_NAME,Andhra Pradesh,JAGTIAL,JAGTIAL
AC_NAME,Andhra Pradesh,JAMI,JAMI
AC_NAME,Andhra Pradesh,JAMMALAHADUGU,JAMMALAMADUGU
AC_NAME,Andhra Pradesh,JAMMALAMADUGU,JAMMALAMADUGU
AC_NAME,Andhra Pradesh,JAMMALAMDGU,JAMMALAMADUGU
AC_NAME,Andhra Pradesh,JANGAO,JANGAON
AC_NAME,Andhra Pradesh,JANGAON,JANGAON
AC_NAME,Andhra Pradesh,JANGOAN,JANGAON
AC_NAME,Andhra Pradesh,JUBILEE HILLS,JUBILEE HILLS
AC_NAME,Andhra Pradesh,JUBILLEE HILLS,JUBILEE HILLS
AC_NAME,Andhra Pradesh,JUKKAL,JUKKAL
AC_NAME,Andhra Pradesh,KADAPA,KADAPA
AC_NAME,Andhra Pradesh,KADIAM,KADIAM
AC_NAME,Andhra Pradesh,KADIRI,KADIRI
AC_NAME,Andhra Pradesh,KAIKALUR,KAIKALUR
AC_NAME,Andhra Pradesh,KAKINADA,KAKINADA
AC_NAME,Andhra Pradesh,KAKINADA CITY,KAKINADA CITY
AC_NAME,Andhra Pradesh,KAKINADA RURAL,KAKINADA RURAL
AC_NAME,Andhra Pradesh,KALAHASTI,KALAHASTI
AC_NAME,Andhra Pradesh,KALAMASTI,KALAHASTI
AC_NAME,Andhra Pradesh,KALWAKURTHI,KALWAKURTHY
AC_NAME,Andhra Pradesh,KALWAKURTHY,KALWAKURTHY
AC_NAME,Andhra Pradesh,KALYANDRUG,KALYANDURG
AC_NAME,Andhra Pradesh,KALYANDURG,KALYANDURG
AC_NAME,Andhra Pradesh,KAMALAPUR,KAMALAPUR
AC_NAME,Andhra Pradesh,KAMALAPURAM,KAMALAPURAM
AC_NAME,Andhra Pradesh,KAMAREDDY,KAMAREDDY
AC_NAME,Andhra Pradesh,KAMLAPURAM,KAMALAPURAM
AC_NAME,Andhra Pradesh,KANCHIKACHERLA,KANCHIKACHERLA
AC_NAME,Andhra Pradesh,KANDUKUR,KANDUKUR
AC_NAME,Andhra Pradesh,KANIGIR,KANIGIRI
AC_NAME,Andhra Pradesh,KANIGIRI,KANIGIRI
AC_NAME,Andhra Pradesh,KANITHI,KANITHI
AC_NAME,Andhra Pradesh,KANKIPADU,KANKIPADU
AC_NAME,Andhra Pradesh,KARAPA,KARAPA
AC_NAME,Andhra Pradesh,KARIMNAGAR,KARIMNAGAR
AC_NAME,Andhra Pradesh,KARWAN,KARWAN
AC_NAME,Andhra Pradesh,KAVALI,KAVALI
AC_NAME,Andhra Pradesh,KHAIRATABAD,KHAIRATABAD
AC_NAME,Andhra Pradesh,KHAMMAM,KHAMMAM
AC_NAME,Andhra Pradesh,KHANAPUR,KHANAPUR
AC_NAME,Andhra Pradesh,KODAD,KODAD
AC_NAME,Andhra Pradesh,KODANGAL,KODANGAL
AC_NAME,Andhra Pradesh,KODUMUR,KODUMUR
AC_NAME,Andhra Pradesh,KODUR,KODUR
AC_NAME,Andhra Pradesh,KOILKUNTLA,KOILKUNTLA
AC_NAME,Andhra Pradesh,KOLIKUNTLA,KOILKUNTLA
AC_NAME,Andhra Pradesh,KOLLAPUR,KOLLAPUR
AC_NAME,Andhra Pradesh,KONDAKARLA,KONDAKARLA
AC_NAME,Andhra Pradesh,KONDAPI,KONDAPI
AC_NAME,Andhra Pradesh,KONDEPI,KONDAPI
AC_NAME,Andhra Pradesh,KORATLA,KORATLA
AC_NAME,Andhra Pradesh,KORUKONDA,KORUKONDA
AC_NAME,Andhra Pradesh,KOSIGI,KOSIGI
AC_NAME,Andhra Pradesh,KOTHAGUDEM,KOTHAGUDEM
AC_NAME,Andhra Pradesh,KOTHAPETA,KOTHAPETA
AC_NAME,Andhra Pradesh,KOTHAPETHA,KOTHAPETA
AC_NAME,Andhra Pradesh,KOTHURU,KOTHURU
AC_NAME,Andhra Pradesh,KOTTURU,KOTHURU
AC_NAME,Andhra Pradesh,KOVUR,KOVUR
AC_NAME,Andhra Pradesh,KOVVUR,KOVUR
AC_NAME,Andhra Pradesh,KOYYUR,KOVUR
AC_NAME,Andhra Pradesh,KUCHINAPUDI,KUCHINAPUDI
AC_NAME,Andhra Pradesh,KUKATPALLY,KUKATPALLY
AC_NAME,Andhra Pradesh,KUPPAM,KUPPAM
AC_NAME,Andhra Pradesh,KURNOOL,KURNOOL
AC_NAME,Andhra Pradesh,KURUPAM,KURUPAM
AC_NAME,Andhra Pradesh,LAKKIREDDIPALLI,LAKKIREDDIPALLI
AC_NAME,Andhra Pradesh,LAL BAHADUR NAGAR,LAL BAHADUR NAGAR
AC_NAME,Andhra Pradesh,LUXETIPET,LUXETTIPET
AC_NAME,Andhra Pradesh,LUXETTIPET,LUXETTIPET
AC_NAME,Andhra Pradesh,LUXETTIPETH,LUXETTIPET
AC_NAME,Andhra Pradesh,MACHERLA,MACHERLA
AC_NAME,Andhra Pradesh,MACHILIPATNAM,MACHILIPATNAM
AC_NAME,Andhra Pradesh,MADAKASIRA,MADAKASIRA
AC_NAME,Andhra Pradesh,MADANAPALLE,MADANAPALLE
AC_NAME,Andhra Pradesh,MADANPALLE,MADANAPALLE
AC_NAME,Andhra Pradesh,MADHIRA,MADHIRA
AC_NAME,Andhra Pradesh,MADIRA,MADHIRA
AC_NAME,Andhra Pradesh,MADOOR,MADOOR
AC_NAME,Andhra Pradesh,MADUGULA,MADUGULA
AC_NAME,Andhra Pradesh,MAHABUBABAD,MAHABUBABAD
AC_NAME,Andhra Pradesh,MAHABUBNAGAR,MAHBUBNAGAR
AC_NAME,Andhra Pradesh,MAHARAJGANJ,MAHARAJGANJ
AC_NAME,Andhra Pradesh,MAHARAJGUNJ,MAHARAJGANJ
AC_NAME,Andhra Pradesh,MAHBUBABAD,MAHABUBABAD
AC_NAME,Andhra Pradesh,MAHBUBNAGAR,MAHBUBNAGAR
AC_NAME,Andhra Pradesh,MAHBUHABAD,MAHABUBABAD
AC_NAME,Andhra Pradesh,MAHESHWARAM,MAHESHWARAM
AC_NAME,Andhra Pradesh,MAIDARAM,MAIDARAM
AC_NAME,Andhra Pradesh,MAKTHAL,MAKTHAL
AC_NAME,Andhra Pradesh,MALAKPET,MALAKPET
AC_NAME,Andhra Pradesh,MALKAJGIRI,MALKAJGIRI
AC_NAME,Andhra Pradesh,MALLESHWARAM,MALLESWARAM
AC_NAME,Andhra Pradesh,MALLESWARA,MALLESWARAM
AC_NAME,Andhra Pradesh,MALLESWARAM,MALLESWARAM
AC_NAME,Andhra Pradesh,MANAGALAGIRI,MANAGALAGIRI
AC_NAME,Andhra Pradesh,MANAKONDUR,MANAKONDUR
AC_NAME,Andhra Pradesh,MANCHERIAL,MANCHERIAL
AC_NAME,Andhra Pradesh,MANDAPETA,MANDAPETA
AC_NAME,Andhra Pradesh,MANGALAGIRI,MANGALAGIRI
AC_NAME,Andhra Pradesh,MANGLAGIRI,MANGALAGIRI
AC_NAME,Andhra Pradesh,MANTHANI,MANTHANI
AC_NAME,Andhra Pradesh,MANTRALAYAM,MANTRALAYAM
AC_NAME,Andhra Pradesh,MARKAPUR,MARKAPUR
AC_NAME,Andhra Pradesh,MARKAPURAM,MARKAPUR
AC_NAME,Andhra Pradesh,MARTUR,MARTUR
AC_NAME,Andhra Pradesh,MEDAK,MEDAK
AC_NAME,Andhra Pradesh,MEDCHAL,MEDCHAL
AC_NAME,Andhra Pradesh,METPALLI,METPALLI
AC_NAME,Andhra Pradesh,MIDTHUR,MIDTHUR
AC_NAME,Andhra Pradesh,MIRYALGUDA,MIRYALGUDA
AC_NAME,Andhra Pradesh,MUDHOLE,MUDHOLE
AC_NAME,Andhra Pradesh,MUDINEPALLI,MUDINEPALLI
AC_NAME,Andhra Pradesh,MULUG,MULUG
AC_NAME,Andhra Pradesh,MUMMIDIVARAM,MUMMIDIVARAM
AC_NAME,Andhra Pradesh,MUNGODE,MUNUGODE
AC_NAME,Andhra Pradesh,MUNUGODE,MUNUGODE
AC_NAME,Andhra Pradesh,MUSHEERABAD,MUSHEERABAD
AC_NAME,Andhra Pradesh,MYADARAM,MYDARAM
AC_NAME,Andhra Pradesh,MYDARAM,MYDARAM
AC_NAME,Andhra Pradesh,MYDUKU,MYDUKUR
AC_NAME,Andhra Pradesh,MYDUKUR,MYDUKUR
AC_NAME,Andhra Pradesh,MYLAVARAM,MYLAVARAM
AC_NAME,Andhra Pradesh,NAGARAM,NAGARAM
AC_NAME,Andhra Pradesh,NAGARI,NAGARI
AC_NAME,Andhra Pradesh,NAGARIKATAKAM,NAGARIKATAKAM
AC_NAME,Andhra Pradesh,NAGARIKATKAM,NAGARIKATAKAM
AC_NAME,Andhra Pradesh,NAGARJUNA SAGAR,NAGARJUNA SAGAR
AC_NAME,Andhra Pradesh,NAGARKURNOOL,NAGARKURNOOL
AC_NAME,Andhra Pradesh,NAGURU,NAGURU
AC_NAME,Andhra Pradesh,NAKREKAL,NAKREKAL
AC_NAME,Andhra Pradesh,NALGONDA,NALGONDA
AC_NAME,Andhra Pradesh,NALLAMADA,NALLAMADA
AC_NAME,Andhra Pradesh,NALLAMDA,NALLAMADA
AC_NAME,Andhra Pradesh,NAMPALLI,NAMPALLI
AC_NAME,Andhra Pradesh,NANDIGAMA,NANDIGAMA
AC_NAME,Andhra Pradesh,NANDIKOTKUR,NANDIKOTKUR
AC_NAME,Andhra Pradesh,NANDIPAD,NANDIPAD
AC_NAME,Andhra Pradesh,NANDYAL,NANDYAL
AC_NAME,Andhra Pradesh,NARASANNAPETA,NARASANNAPETA
AC_NAME,Andhra Pradesh,NARASAPATNAM,NARSIPATNAM
AC_NAME,Andhra Pradesh,NARASAPUR,NARASAPURAM
AC_NAME,Andhra Pradesh,NARASAPURAM,NARASAPURAM
AC_NAME,Andhra Pradesh,NARASARAO,NARASARAOPET
AC_NAME,Andhra Pradesh,NARASARAOPET,NARASARAOPET
AC_NAME,Andhra Pradesh,NARASIPATNAM,NARASIPATNAM
AC_NAME,Andhra Pradesh,NARAYANKHED,NARAYANKHED
AC_NAME,Andhra Pradesh,NARAYANPET,NARAYANPET
AC_NAME,Andhra Pradesh,NARELLA,NARELLA
AC_NAME,Andhra Pradesh,NARSAMPET,NARSAMPET
AC_NAME,Andhra Pradesh,NARSAPUR,NARSAPUR
AC_NAME,Andhra Pradesh,NARSIPATNAM,NARSIPATNAM
AC_NAME,Andhra Pradesh,NELLIMARLA,NELLIMARLA
AC_NAME,Andhra Pradesh,NELLORE,NELLORE
AC_NAME,Andhra Pradesh,NELLORE CITY,NELLORE CITY
AC_NAME,Andhra Pradesh,NELLORE RURAL,NELLORE RURAL
AC_NAME,Andhra Pradesh,NERELLA,NERELLA
AC_NAME,Andhra Pradesh,NIDADAVOLE,NIDADAVOLE
AC_NAME,Andhra Pradesh,NIDUMOLU,NIDUMOLU
AC_NAME,Andhra Pradesh,NIRMAL,NIRMAL
AC_NAME,Andhra Pradesh,NIZAMABAD,NIZAMABAD
AC_NAME,Andhra Pradesh,NIZAMABAD (RURAL),NIZAMABAD (RURAL)
AC_NAME,Andhra Pradesh,NIZAMABAD (URBAN),NIZAMABAD (URBAN)
AC_NAME,Andhra Pradesh,NUSTHULAPUR,NUSTHULAPUR
AC_NAME,Andhra Pradesh,NUZVID,NUZVID
AC_NAME,Andhra Pradesh,ONGOLE,ONGOLE
AC_NAME,Andhra Pradesh,PACHIPENTA,PACHIPENTA
AC_NAME,Andhra Pradesh,PADERU,PADERU
AC_NAME,Andhra Pradesh,PALACOLE,PALAKOL
AC_NAME,Andhra Pradesh,PALAIR,PALAIR
AC_NAME,Andhra Pradesh,PALAKOL,PALAKOL
AC_NAME,Andhra Pradesh,PALAKONDA,PALAKONDA
AC_NAME,Andhra Pradesh,PALAKURTHI,PALAKURTHI
AC_NAME,Andhra Pradesh,PALAMANER,PALAMANER
AC_NAME,Andhra Pradesh,PALASA,PALASA
AC_NAME,Andhra Pradesh,PALLIPALEM,PALLIPALEM
AC_NAME,Andhra Pradesh,PALMANER,PALMANER
AC_NAME,Andhra Pradesh,PALWAMCHA,PALWANCHA
AC_NAME,Andhra Pradesh,PALWANCHA,PALWANCHA
AC_NAME,Andhra Pradesh,PAMARRU,PAMARRU
AC_NAME,Andhra Pradesh,PANYAM,PANYAM
AC_NAME,Andhra Pradesh,PAODDATUR,PRODDATUR
AC_NAME,Andhra Pradesh,PARAVADA,PARAVADA
AC_NAME,Andhra Pradesh,PARCHUR,PARCHUR
AC_NAME,Andhra Pradesh,PARGI,PARGI
AC_NAME,Andhra Pradesh,PARKAL,PARKAL
AC_NAME,Andhra Pradesh,PARUCHURU,PARCHUR
AC_NAME,Andhra Pradesh,PARVADA,PARAVADA
AC_NAME,Andhra Pradesh,PARVATHIPURAM,PARVATHIPURAM
AC_NAME,Andhra Pradesh,PATANCHERU,PATANCHERU
AC_NAME,Andhra Pradesh,PATAPATNAM,PATHAPATNAM
AC_NAME,Andhra Pradesh,PATAPTNAM,PATHAPATNAM
AC_NAME,Andhra Pradesh,PATHAPATNAM,PATHAPATNAM
AC_NAME,Andhra Pradesh,PATHERGATTI,PATHERGATTI
AC_NAME,Andhra Pradesh,PATHIKONDA,PATHIKONDA
AC_NAME,Andhra Pradesh,PATTIKONDA,PATHIKONDA
AC_NAME,Andhra Pradesh,PAYAKARAOPET,PAYAKARAOPET
AC_NAME,Andhra Pradesh,PAYAKARAOPETA,PAYAKARAOPET
AC_NAME,Andhra Pradesh,PEDAKURAPADU,PEDAKURAPADU
AC_NAME,Andhra Pradesh,PEDAMANAPURAM,PEDAMANAPURAM
AC_NAME,Andhra Pradesh,PEDANA,PEDANA
AC_NAME,Andhra Pradesh,PEDDAKAKANI,PEDDAKAKANI
AC_NAME,Andhra Pradesh,PEDDAKURAPADU,PEDAKURAPADU
AC_NAME,Andhra Pradesh,PEDDAPALLE,PEDDAPALLE
AC_NAME,Andhra Pradesh,PEDDAPALLI,PEDDAPALLE
AC_NAME,Andhra Pradesh,PEDDAPURAM,PEDDAPURAM
AC_NAME,Andhra Pradesh,PEDDAVOORA,PEDDAVOORA
AC_NAME,Andhra Pradesh,PENAMALURU,PENAMALURU
AC_NAME,Andhra Pradesh,PENDURTHI,PENDURTHI
AC_NAME,Andhra Pradesh,PENTAPADU,PENTAPADU
AC_NAME,Andhra Pradesh,PENUGONDA,PENUKONDA
AC_NAME,Andhra Pradesh,PENUKONDA,PENUKONDA
AC_NAME,Andhra Pradesh,PHIRANGIPURAM,PHIRANGIPURAM
AC_NAME,Andhra Pradesh,PILERU,PILERU
AC_NAME,Andhra Pradesh,PINAPAKA,PINAPAKA
AC_NAME,Andhra Pradesh,PITHAPURAM,PITHAPURAM
AC_NAME,Andhra Pradesh,PODILI,PODILI
AC_NAME,Andhra Pradesh,POLAVARAM,POLAVARAM
AC_NAME,Andhra Pradesh,PONDURU,PONDURU
AC_NAME,Andhra Pradesh,PONNUR,PONNUR
AC_NAME,Andhra Pradesh,PRATHIPAD,PRATHIPADU
AC_NAME,Andhra Pradesh,PRATHIPADU,PRATHIPADU
AC_NAME,Andhra Pradesh,PRODDATTUR,PRODDATUR
AC_NAME,Andhra Pradesh,PRODDATUR,PRODDATUR
AC_NAME,Andhra Pradesh,PULIVENDLA,PULIVENDULA
AC_NAME,Andhra Pradesh,PULIVENDULA,PULIVENDULA
AC_NAME,Andhra Pradesh,PUNGANUR,PUNGANUR
AC_NAME,Andhra Pradesh,PUTHALAPATTU,PUTHALAPATTU
AC_NAME,Andhra Pradesh,PUTLOOR,PUTLOOR
AC_NAME,Andhra Pradesh,PUTTAPARTHI,PUTTAPARTHI
AC_NAME,Andhra Pradesh,PUTTUR,PUTTUR
AC_NAME,Andhra Pradesh,QUTHBULLAPUR,QUTHBULLAPUR
AC_NAME,Andhra Pradesh,RAJAHMUNDRY,RAJAHMUNDRY
AC_NAME,Andhra Pradesh,RAJAHMUNDRY CITY,RAJAHMUNDRY CITY
AC_NAME,Andhra Pradesh,RAJAM,RAJAM
AC_NAME,Andhra Pradesh,RAJAMMUNDRY,RAJAHMUNDRY
AC_NAME,Andhra Pradesh,RAJAMPET,RAJAMPET
AC_NAME,Andhra Pradesh,RAJAMUNDRY RURAL,RAJAMUNDRY RURAL
AC_NAME,Andhra Pradesh,RAJANAGARAM,RAJANAGARAM
AC_NAME,Andhra Pradesh,RAJENDRANAGAR,RAJENDRANAGAR
AC_NAME,Andhra Pradesh,RAMACHANDRAMURAM,RAMACHANDRAPURAM
AC_NAME,Andhra Pradesh,RAMACHANDRAPURAM,RAMACHANDRAPURAM
AC_NAME,Andhra Pradesh,RAMAGUNDAM,RAMAGUNDAM
AC_NAME,Andhra Pradesh,RAMAKRISHNARAJUPET,RAMAKRISHNARAJUPET
AC_NAME,Andhra Pradesh,RAMANAPET,RAMANNAPET
AC_NAME,Andhra Pradesh,RAMANNAPET,RAMANNAPET
AC_NAME,Andhra Pradesh,RAMATHIRTHAM,RAMATHIRTHAM
AC_NAME,Andhra Pradesh,RAMAYAMPET,RAMAYAMPET
AC_NAME,Andhra Pradesh,RAMAYANPET,RAMAYAMPET
AC_NAME,Andhra Pradesh,RAMAYENPET,RAMAYAMPET
AC_NAME,Andhra Pradesh,RAMCHANDRAPURAM,RAMCHANDRAPURAM
AC_NAME,Andhra Pradesh,RAMPACHODAVARAM,RAMCHANDRAPURAM
AC_NAME,Andhra Pradesh,RAPTADU,RAPTADU
AC_NAME,Andhra Pradesh,RAPUR,RAPUR
AC_NAME,Andhra Pradesh,RAYACHOTI,RAYACHOTI
AC_NAME,Andhra Pradesh,RAYACHOTY,RAYACHOTI
AC_NAME,Andhra Pradesh,RAYADRUG,RAYADURG
AC_NAME,Andhra Pradesh,RAYADURG,RAYADURG
AC_NAME,Andhra Pradesh,RAZOLE,RAZOLE
AC_NAME,Andhra Pradesh,REDDAKURAPADU,PEDDAKURAPADU
AC_NAME,Andhra Pradesh,REPALLE,REPALLE
AC_NAME,Andhra Pradesh,REVIDI,REVIDI
AC_NAME,Andhra Pradesh,SADASIVPET,SADASIVPET
AC_NAME,Andhra Pradesh,SALUR,SALUR
AC_NAME,Andhra Pradesh,SAMALKOT,SAMALKOT
AC_NAME,Andhra Pradesh,SAMPARA,SAMPARA
AC_NAME,Andhra Pradesh,SANATH NAGAR,SANATHNAGAR
AC_NAME,Andhra Pradesh,SANATHNAGAR,SANATHNAGAR
AC_NAME,Andhra Pradesh,SANGAREDDY,SANGAREDDY
AC_NAME,Andhra Pradesh,SANTHANUTHACAPADU,SANTHANUTHALAPADU
AC_NAME,Andhra Pradesh,SANTHANUTHALAPADU,SANTHANUTHALAPADU
AC_NAME,Andhra Pradesh,SARVAPALLI,SARVEPALLI
AC_NAME,Andhra Pradesh,SARVEPALLI,SARVEPALLI
AC_NAME,Andhra Pradesh,SATHIVADA,SATHIVADA
AC_NAME,Andhra Pradesh,SATHUPALLI,SATHUPALLI
AC_NAME,Andhra Pradesh,SATTENAPALLI,SATTENAPALLI
AC_NAME,Andhra Pradesh,SATTENPALLI,SATTENAPALLI
AC_NAME,Andhra Pradesh,SATYAVEDU,SATYAVEDU
AC_NAME,Andhra Pradesh,SECUNDERABAD,SECUNDERABAD
AC_NAME,Andhra Pradesh,SECUNDERABAD CANTONMENT,SECUNDERABAD CANTONMENT
AC_NAME,Andhra Pradesh,SECUNDERABAD CANTT,SECUNDERABAD CANTONMENT
AC_NAME,Andhra Pradesh,SECUNDERABAD CANTT.,SECUNDERABAD CANTONMENT
AC_NAME,Andhra Pradesh,SECUNDERABAD CITY,SECUNDERABAD CITY
AC_NAME,Andhra Pradesh,SECUNDERBAD CANTONMENT,SECUNDERABAD CANTONMENT
AC_NAME,Andhra Pradesh,SECUNDRABAD,SECUNDERABAD
AC_NAME,Andhra Pradesh,SERILINGAMPALLY,SERILINGAMPALLY
AC_NAME,Andhra Pradesh,SHADNAGAR,SHADNAGAR
AC_NAME,Andhra Pradesh,SHAHABAD,SHAHABAD
AC_NAME,Andhra Pradesh,SHERMUHAMMADAPURAM,SHERMUHAMMADPURAM
AC_NAME,Andhra Pradesh,SHERMUHAMMADPURAM,SHERMUHAMMADPURAM
AC_NAME,Andhra Pradesh,SHUJATNAGAR,SUJATHANAGAR
AC_NAME,Andhra Pradesh,SHYAMPET,SHYAMPET
AC_NAME,Andhra Pradesh,SIDDEPET,SIDDIPET
AC_NAME,Andhra Pradesh,SIDDIPET,SIDDIPET
AC_NAME,Andhra Pradesh,SINGANAMALA,SINGANAMALA
AC_NAME,Andhra Pradesh,SINGANMALA,SINGANAMALA
AC_NAME,Andhra Pradesh,SIRCHILLA,SIRCILLA
AC_NAME,Andhra Pradesh,SIRCILLA,SIRCILLA
AC_NAME,Andhra Pradesh,SIRPUR,SIRPUR
AC_NAME,Andhra Pradesh,SIRSILLA,SIRCILLA
AC_NAME,Andhra Pradesh,SIRVAL,SIRVAL
AC_NAME,Andhra Pradesh,SITARAMBAGH,SITARAMBAGH
AC_NAME,Andhra Pradesh,SOMPARA,SAMPARA
AC_NAME,Andhra Pradesh,SOMPETA,SOMPETA
AC_NAME,Andhra Pradesh,SRI KALAHASTI,SRIKALAHASTI
AC_NAME,Andhra Pradesh,SRIKAKULAM,SRIKAKULAM
AC_NAME,Andhra Pradesh,SRIKALAHASTI,SRIKALAHASTI
AC_NAME,Andhra Pradesh,SRISAILAM,SRISAILAM
AC_NAME,Andhra Pradesh,SRUNGAVARAPUKOTA,SRUNGAVARAPUKOTA
AC_NAME,Andhra Pradesh,SRUNGAVATAPUKOTA,SRUNGAVARAPUKOTA
AC_NAME,Andhra Pradesh,SULLURPET,SULLURPETA
AC_NAME,Andhra Pradesh,SULLURPETA,SULLURPETA
AC_NAME,Andhra Pradesh,SULTAN BAZAR,SULTAN BAZAR
AC_NAME,Andhra Pradesh,SULTANABAD,SULTANABAD
AC_NAME,Andhra Pradesh,SULURPET,SULURPET
AC_NAME,Andhra Pradesh,SURYAPET,SURYAPET
AC_NAME,Andhra Pradesh,TADEPALIGUDEM,TADEPALLIGUDEM
AC_NAME,Andhra Pradesh,TADEPALLIGUDEM,TADEPALLIGUDEM
AC_NAME,Andhra Pradesh,TADIKONDA,TADIKONDA
AC_NAME,Andhra Pradesh,TADPATRI,TADPATRI
AC_NAME,Andhra Pradesh,TALLAREVU,TALLAREVU
AC_NAME,Andhra Pradesh,TANDUR,TANDUR
AC_NAME,Andhra Pradesh,TANUKU,TANUKU
AC_NAME,Andhra Pradesh,TAVANAMPALLE,TAVANAMPALLE
AC_NAME,Andhra Pradesh,TAVANMAPALLE,TAVANAMPALLE
AC_NAME,Andhra Pradesh,TEKKALI,TEKKALI
AC_NAME,Andhra Pradesh,TENALI,TENALI
AC_NAME,Andhra Pradesh,TENUKU,TANUKU
AC_NAME,Andhra Pradesh,THAMBALLAPALLE,THAMBALLAPALLE
AC_NAME,Andhra Pradesh,THERLAM,THERLAM
AC_NAME,Andhra Pradesh,THUNGATHURTHY,THUNGATHURTHY
AC_NAME,Andhra Pradesh,TIRUPATHI,TIRUPATI
AC_NAME,Andhra Pradesh,TIRUPATI,TIRUPATI
AC_NAME,Andhra Pradesh,TIRUTTANI,TIRUTTANI
AC_NAME,Andhra Pradesh,TIRUVUR,TIRUVURU
AC_NAME,Andhra Pradesh,TIRUVURU,TIRUVURU
AC_NAME,Andhra Pradesh,TIRUYUR,TIRUVURU
AC_NAME,Andhra Pradesh,TUNGATURTHI,TUNGATURTHI
AC_NAME,Andhra Pradesh,TUNI,TUNI
AC_NAME,Andhra Pradesh,UDAYAGIRI,UDAYAGIRI
AC_NAME,Andhra Pradesh,UNDI,UNDI
AC_NAME,Andhra Pradesh,UNGUTUR,UNGUTURU
AC_NAME,Andhra Pradesh,UNGUTURU,UNGUTURU
AC_NAME,Andhra Pradesh,UNUKURU,VUNUKURU
AC_NAME,Andhra Pradesh,UPPAL,UPPAL
AC_NAME,Andhra Pradesh,URAVAKONDA,URAVAKONDA
AC_NAME,Andhra Pradesh,UTTARAPALLI,UTTARAPALLI
AC_NAME,Andhra Pradesh,VADAMALPET,VADAMALPET
AC_NAME,Andhra Pradesh,VAYALPAD,VAYALPAD
AC_NAME,Andhra Pradesh,VEMSOOR,VEMSOOR
AC_NAME,Andhra Pradesh,VEMULAWADA,VEMULAWADA
AC_NAME,Andhra Pradesh,VEMUR,VEMURU
AC_NAME,Andhra Pradesh,VEMURU,VEMURU
AC_NAME,Andhra Pradesh,VENKATAGIRI,VENKATAGIRI
AC_NAME,Andhra Pradesh,VENSOOR,VEMSOOR
AC_NAME,Andhra Pradesh,VENUKONDA,VINUKONDA
AC_NAME,Andhra Pradesh,VEPANJERI,VEPANJERI
AC_NAME,Andhra Pradesh,VICARABAD,VICARABAD
AC_NAME,Andhra Pradesh,VIJAYAVADA NORTH,VIJAYAWADA NORTH
AC_NAME,Andhra Pradesh,VIJAYAWADA CENTRAL,VIJAYAWADA CENTRAL
AC_NAME,Andhra Pradesh,VIJAYAWADA EAST,VIJAYAWADA EAST
AC_NAME,Andhra Pradesh,VIJAYAWADA NORTH,VIJAYAWADA NORTH
AC_NAME,Andhra Pradesh,VIJAYAWADA SOUTH,VIJAYAWADA SOUTH
AC_NAME,Andhra Pradesh,VIJAYAWADA WEST,VIJAYAWADA WEST
AC_NAME,Andhra Pradesh,VIJAYWADA WEST,VIJAYAWADA WEST
AC_NAME,Andhra Pradesh,VIJYAVADA SOUTH,VIJAYAWADA SOUTH
AC_NAME,Andhra Pradesh,VINUKONDA,VINUKONDA
AC_NAME,Andhra Pradesh,VISAKHAPATNAM,VISAKHAPATNAM
AC_NAME,Andhra Pradesh,VISAKHAPATNAM EAST,VISAKHAPATNAM EAST
AC_NAME,Andhra Pradesh,VISAKHAPATNAM I,VISAKHAPATNAM I
AC_NAME,Andhra Pradesh,VISAKHAPATNAM I I,VISAKHAPATNAM II
AC_NAME,Andhra Pradesh,VISAKHAPATNAM II,VISAKHAPATNAM II
AC_NAME,Andhra Pradesh,VISAKHAPATNAM NORTH,VISAKHAPATNAM NORTH
AC_NAME,Andhra Pradesh,VISAKHAPATNAM SOUTH,VISAKHAPATNAM SOUTH
AC_NAME,Andhra Pradesh,VISAKHAPATNAM WEST,VISAKHAPATNAM WEST
AC_NAME,Andhra Pradesh,VISAKHAPATNAM-I,VISAKHAPATNAM I
AC_NAME,Andhra Pradesh,VISAKHAPATNAM-II,VISAKHAPATNAM II
AC_NAME,Andhra Pradesh,VIZIANAGARAM,VIZIANAGARAM
AC_NAME,Andhra Pradesh,VTZIANAGARAM,VIZIANAGARAM
AC_NAME,Andhra Pradesh,VUNUKURU,VUNUKURU
AC_NAME,Andhra Pradesh,VUYYUR,VUYYUR
AC_NAME,Andhra Pradesh,WANAKARTHI,WANAPARTHY
AC_NAME,Andhra Pradesh,WANAPARTHI,WANAPARTHY
AC_NAME,Andhra Pradesh,WANAPARTHY,WANAPARTHY
AC_NAME,Andhra Pradesh,WANPARTHI,WANAPARTHY
AC_NAME,Andhra Pradesh,WARANGAL,WARANGAL
AC_NAME,Andhra Pradesh,WARANGAL EAST,WARANGAL EAST
AC_NAME,Andhra Pradesh,WARANGAL WEST,WARANGAL WEST
AC_NAME,Andhra Pradesh,WARDHANAPET,WARDHANNAPET
AC_NAME,Andhra Pradesh,WARDHANNAPET,WARDHANNAPET
AC_NAME,Andhra Pradesh,WARDHASNNAPET,WARDHANNAPET
AC_NAME,Andhra Pradesh,WYRA,WYRA
AC_NAME,Andhra Pradesh,YAKUTPURA,YAKUTPURA
AC_NAME,Andhra Pradesh,YATKUTPURA,YAKUTPURA
AC_NAME,Andhra Pradesh,YELLAMANCHILI,YELLAMANCHILI
AC_NAME,Andhra Pradesh,YELLANDA,YELLANDA
AC_NAME,Andhra Pradesh,YELLANDU,YELLANDA
AC_NAME,Andhra Pradesh,YELLAREDDI,YELLAREDDY
AC_NAME,Andhra Pradesh,YELLAREDDY,YELLAREDDY
AC_NAME,Andhra Pradesh,YELLAVARAM,YELLAVARAM
AC_NAME,Andhra Pradesh,YEMMIGANUR,YEMMIGANUR
AC_NAME,Andhra Pradesh,YERPEDU,YERPEDU
AC_NAME,Andhra Pradesh,YERRAGCNDIPALEM,YERRAGONDAPALEM
AC_NAME,Andhra Pradesh,YERRAGONDAPALEM,YERRAGONDAPALEM
AC_NAME,Andhra Pradesh,YERRAGONDIPALEM,YERRAGONDAPALEM
AC_NAME,Andhra Pradesh,ZAHEERABAD,ZAHIRABAD
AC_NAME,Andhra Pradesh,ZAHIRABAD,ZAHIRABAD
AC_NAME,Arunachal Pradesh,BORDUMSA - DIYUM,BORDUMSA DIYUM
AC_NAME,Arunachal Pradesh,BORDUMSA- DIYUM,BORDUMSA DIYUM
AC_NAME,Arunachal Pradesh,BORDUMSA-DIYUM,BORDUMSA DIYUM
AC_NAME,Arunachal Pradesh,BORDURIA- BAGAPANI,BORDURIA BOGAPANI
AC_NAME,Arunachal Pradesh,BORDURIA BOGAPANI,BORDURIA BOGAPANI
AC_NAME,Arunachal Pradesh,BORDURIA- BOGAPANI,BORDURIA BOGAPANI
AC_NAME,Arunachal Pradesh,CHAYANG TAJO,CHAYANG TAJO
AC_NAME,Arunachal Pradesh,CHAYANGTAJO,CHAYANG TAJO
AC_NAME,Arunachal Pradesh,DAKSING-TALIHA,TAKSING TALIHA
AC_NAME,Arunachal Pradesh,DAMPORIJO,DUMPORIJO
AC_NAME,Arunachal Pradesh,DIRANG,DIRANG
AC_NAME,Arunachal Pradesh,DIRANG KALAKTANG,DIRANG
AC_NAME,Arunachal Pradesh,DIRANG- KALAKTONG,DIRANG
AC_NAME,Arunachal Pradesh,DOIMUKH,DOIMUKH
AC_NAME,Arunachal Pradesh,DOIMUKH SAGALEE,DOIMUKH
AC_NAME,Arunachal Pradesh,DOIMUKH-SAGALEE,DOIMUKH
AC_NAME,Arunachal Pradesh,DUMPORIJO,DUMPORIJO
AC_NAME,Arunachal Pradesh,HAUYULIANG,HAYULIANG
AC_NAME,Arunachal Pradesh,HAYULIANG,HAYULIANG
AC_NAME,Arunachal Pradesh,KALORIANG,KOLORIANG
AC_NAME,Arunachal Pradesh,KOLORIANG,KOLORIANG
AC_NAME,Arunachal Pradesh,LONGDING PUMAO,LONGDING PUMAO
AC_NAME,Arunachal Pradesh,LONGDING-PUMAO,LONGDING PUMAO
AC_NAME,Arunachal Pradesh,MACHUKA,MECHUKA
AC_NAME,Arunachal Pradesh,MARIYANG MEBO,MEBO
AC_NAME,Arunachal Pradesh,MEBO,MEBO
AC_NAME,Arunachal Pradesh,MECHUKA,MECHUKA
AC_NAME,Arunachal Pradesh,MECHUKHA,MECHUKA
AC_NAME,Arunachal Pradesh,MERIANG-MEBO,MEBO
AC_NAME,Arunachal Pradesh,NAMSAI CHOWKHAM,NAMSAI CHOWKHAM
AC_NAME,Arunachal Pradesh,NOADEHING NAMPONG,NOADEHING NAMPONG
AC_NAME,Arunachal Pradesh,NOADIHING NAMPONG,NOADEHING NAMPONG
AC_NAME,Arunachal Pradesh,NOMSAI CHOWKHAM,NAMSAI CHOWKHAM
AC_NAME,Arunachal Pradesh,NYAPIN,NYAPIN PALIN
AC_NAME,Arunachal Pradesh,NYAPIN PALIM,NYAPIN PALIN
AC_NAME,Arunachal Pradesh,NYAPIN PALIN,NYAPIN PALIN
AC_NAME,Arunachal Pradesh,PAKKE KESSANG,PAKKE KESSANG
AC_NAME,Arunachal Pradesh,PAKKE-KASANG,PAKKE KESSANG
AC_NAME,Arunachal Pradesh,PONGCHAO WAKKA,PONGCHAO WAKKA
AC_NAME,Arunachal Pradesh,PONGCHAO-WAKKA,PONGCHAO WAKKA
AC_NAME,Arunachal Pradesh,PONGCHAU WAKKA,PONGCHAO WAKKA
AC_NAME,Arunachal Pradesh,PONGCHOU WAKKA,PONGCHAO WAKKA
AC_NAME,Arunachal Pradesh,PONGCHOU-WAKKA,PONGCHAO WAKKA
AC_NAME,Arunachal Pradesh,RAGA TALI,RAGA TALI
AC_NAME,Arunachal Pradesh,RAGA-TALI,RAGA TALI
AC_NAME,Arunachal Pradesh,RIGA-TALI,RAGA TALI
AC_NAME,Arunachal Pradesh,TAKSING TALIHA,TAKSING TALIHA
AC_NAME,Arunachal Pradesh,TAWANG - II,TAWANG II
AC_NAME,Arunachal Pradesh,TAWANG I,TAWANG I
AC_NAME,Arunachal Pradesh,TAWANG II,TAWANG II
AC_NAME,Arunachal Pradesh,TAWANG-I,TAWANG I
AC_NAME,Arunachal Pradesh,TEZU,TEZU HAYULIANG
AC_NAME,Arunachal Pradesh,TEZU HAYULIANG,TEZU HAYULIANG
AC_NAME,Arunachal Pradesh,TOKSING TALIHA,TAKSING TALIHA
AC_NAME,Arunachal Pradesh,TUTING YINGKIONG,TUTING YINGKIONG
AC_NAME,Arunachal Pradesh,TUTING-YINGKIONG,TUTING YINGKIONG
AC_NAME,Arunachal Pradesh,TUTING-YINKGKIONG,TUTING YINGKIONG
AC_NAME,Arunachal Pradesh,YINGKIONG PANGIN,YINGKIONG PANGIN
AC_NAME,Arunachal Pradesh,YINGKIONG-PANGIN,YINGKIONG PANGIN
AC_NAME,Arunachal Pradesh,ZIRO,ZIRO HAPOLI
AC_NAME,Arunachal Pradesh,ZIRO HAPOLI,ZIRO HAPOLI
AC_NAME,Arunachal Pradesh,ZIRO-HAPOLI,ZIRO HAPOLI
AC_NAME,Assam,BAGAHBAR,BAGHBAR
AC_NAME,Assam,BAGHBAR,BAGHBAR
AC_NAME,Assam,BAITHALANGSC,BAITHALANGSO
AC_NAME,Assam,BAITHALANGSO,BAITHALANGSO
AC_NAME,Assam,BARKHOLA,BARKHOLA
AC_NAME,Assam,BONGAIGAON,BONGAIGAON
AC_NAME,Assam,BONGAIGON,BONGAIGAON
AC_NAME,Assam,BORKHOLA,BARKHOLA
AC_NAME,Assam,CHARAIBAHI,CHARAIBAHI
AC_NAME,Assam,CHARIBAHI,CHARAIBAHI
AC_NAME,Assam,CHAYAGAON,CHAYGAON
AC_NAME,Assam,CHAYGAON,CHAYGAON
AC_NAME,Assam,DARHAMPUR,DHARMAPUR
AC_NAME,Assam,DHARMAPUR,DHARMAPUR
AC_NAME,Assam,DHEKAIJULI,DHEKIAJULI
AC_NAME,Assam,DHEKIAJULI,DHEKIAJULI
AC_NAME,Assam,DOOM DOOMA,DOOM DOOMA
AC_NAME,Assam,DOOMDOOMA,DOOM DOOMA
AC_NAME,Assam,DUDHNAI,DUDHNAI
AC_NAME,Assam,DUDNAI,DUDHNAI
AC_NAME,Assam,JANIA,JANIA
AC_NAME,Assam,JANTA,JANIA
AC_NAME,Assam,KALIABAR,KALIABOR
AC_NAME,Assam,KALIABOR,KALIABOR
AC_NAME,Assam,KALIBOR,KALIABOR
AC_NAME,Assam,KATLICHERA,KATLICHERRA
AC_NAME,Assam,KATLICHERRA,KATLICHERRA
AC_NAME,Assam,KOKRAJAR,KOKRAJHAR
AC_NAME,Assam,KOKRAJHAR,KOKRAJHAR
AC_NAME,Assam,MANAKACHAR,MANKACHAR
AC_NAME,Assam,MANGAKLAI,MANGALDOI
AC_NAME,Assam,MANGALDAI,MANGALDOI
AC_NAME,Assam,MANGALDI,MANGALDOI
AC_NAME,Assam,MANGALDOI,MANGALDOI
AC_NAME,Assam,MANKACHAR,MANKACHAR
AC_NAME,Assam,NAOBOICHA,NAOBOICHA
AC_NAME,Assam,NAOBOTHA,NAOBOICHA
AC_NAME,Assam,PATACHAR KUCHI,PATACHARKUCHI
AC_NAME,Assam,PATACHARKUCHI,PATACHARKUCHI
AC_NAME,Assam,PATACHARKUCHI BARAMA,PATACHARKUCHI
AC_NAME,Assam,PATHARAKANDI,PATHARKANDI
AC_NAME,Assam,PATHARKANDI,PATHARKANDI
AC_NAME,Assam,PATHARKANDI KARIMGANJ,PATHARKANDI
AC_NAME,Assam,PHULBANI,PHULBARI
AC_NAME,Assam,PHULBARI,PHULBARI
AC_NAME,Assam,RUPAHIHAT,RUPOHIHAT
AC_NAME,Assam,RUPOHIHAT,RUPOHIHAT
AC_NAME,Assam,SALMARA SOUTH,SALMARA SOUTH
AC_NAME,Assam,SOUTH SALMARA,SALMARA SOUTH
AC_NAME,Assam,TAMALPUR,TAMULPUR
AC_NAME,Assam,TAMULPUR,TAMULPUR
AC_NAME,Assam,THOWARA,THOWRA
AC_NAME,Assam,THOWRA,THOWRA
AC_NAME,Assam,UDALAGURI,UDALAGURI
AC_NAME,Assam,UDALGURI,UDALAGURI
AC_NAME,Assam,UDARBAND,UDHARBAND
AC_NAME,Assam,UDHARBAND,UDHARBAND
AC_NAME,Assam,UDHARBOND,UDHARBAND
AC_NAME,Bihar,ALAULI,ALAULI
AC_NAME,Bihar,ALDULI,ALAULI
AC_NAME,Bihar,ALOULI,ALAULI
AC_NAME,Bihar,AMAUR,AMAUR
AC_NAME,Bihar,AMOUR,AMAUR
AC_NAME,Bihar,ASHTHAWAN,ASTHAWAN
AC_NAME,Bihar,ASTHAWAN,ASTHAWAN
AC_NAME,Bihar,ATHAWAN,ASTHAWAN
AC_NAME,Bihar,BACHHWARA,BACHHWARA
AC_NAME,Bihar,BACHWARA,BACHHWARA
AC_NAME,Bihar,BAGAHA,BAGAHA
AC_NAME,Bihar,BAGAHA CUM RAM NAGAR,BAGAHA
AC_NAME,Bihar,BAGHA,BAGAHA
AC_NAME,Bihar,BAHERA,BAHERA
AC_NAME,Bihar,BAHERA EAST,BAHERA
AC_NAME,Bihar,BAHRAGORA,BAHRAGORA
AC_NAME,Bihar,BAHRAHGORA,BAHRAGORA
AC_NAME,Bihar,BAKHARI,BAKHRI
AC_NAME,Bihar,BAKHRI,BAKHRI
AC_NAME,Bihar,BALIA,BALIA
AC_NAME,Bihar,BALLIA,BALIA
AC_NAME,Bihar,BANIAPUR,BANIAPUR
AC_NAME,Bihar,BANIYAPUR,BANIAPUR
AC_NAME,Bihar,BARIARPUR,BARIARPUR
AC_NAME,Bihar,BARIYARPUR,BARIARPUR
AC_NAME,Bihar,BARSO,BARSOI
AC_NAME,Bihar,BARSOI,BARSOI
AC_NAME,Bihar,BASANTPUR,BASANTPUR
AC_NAME,Bihar,BASANTPUR EAST,BASANTPUR
AC_NAME,Bihar,BELHAR,BELHAR
AC_NAME,Bihar,BELHAR CUM KATORIA,BELHAR
AC_NAME,Bihar,BENIPATT,BENIPATTI
AC_NAME,Bihar,BENIPATTI,BENIPATTI
AC_NAME,Bihar,BHABHUA,BHABHUA
AC_NAME,Bihar,BHABUA,BHABHUA
AC_NAME,Bihar,BHABUA CUM MOHANIA,BHABHUA
AC_NAME,Bihar,BHORE,BHORE
AC_NAME,Bihar,BHOREY,BHORE
AC_NAME,Bihar,BODH GAYA,BODH GAYA
AC_NAME,Bihar,BODH GAYA CUM PARAIVA,BODH GAYA
AC_NAME,Bihar,BRAHAMPUR,BRAHMPUR
AC_NAME,Bihar,BRAHMPUR,BRAHMPUR
AC_NAME,Bihar,CHAIBASA,CHAIBASA
AC_NAME,Bihar,CHAIBASSA,CHAIBASA
AC_NAME,Bihar,CHAKARDHARPUR,CHAKRADHARPUR
AC_NAME,Bihar,CHAKRADHARPUR,CHAKRADHARPUR
AC_NAME,Bihar,CHANDANIKYARI,CHANDANKIYARI
AC_NAME,Bihar,CHANDANKIYARI,CHANDANKIYARI
AC_NAME,Bihar,CHHATAPUR,CHHATAPUR
AC_NAME,Bihar,CHHATARPUR,CHHATARPUR
AC_NAME,Bihar,CHHATARUR,CHHATAPUR
AC_NAME,Bihar,CHHATTAPUR,CHHATARPUR
AC_NAME,Bihar,DALSINGH SARAI EAST,DALSINGSARAI EAST
AC_NAME,Bihar,DALSINGH SARAI WEST,DALSINGSARAI WEST
AC_NAME,Bihar,DALSINGSARAI EAST,DALSINGSARAI EAST
AC_NAME,Bihar,DALSINGSARAI WEST,DALSINGSARAI WEST
AC_NAME,Bihar,DALTONGAJ,DALTONGANJ
AC_NAME,Bihar,DALTONGANJ,DALTONGANJ
AC_NAME,Bihar,DARBHANGA SOUTH,DARBHANGA SOUTH
AC_NAME,Bihar,DINAP,DINAPUR
AC_NAME,Bihar,DINAPUR,DINAPUR
AC_NAME,Bihar,DURBHANGA SOUTH,DARBHANGA SOUTH
AC_NAME,Bihar,EKANGAR SARAI,EKANGAR SARAI
AC_NAME,Bihar,EKANGARSARAI,EKANGAR SARAI
AC_NAME,Bihar,FATWA,FATWA
AC_NAME,Bihar,FATWAH,FATWA
AC_NAME,Bihar,GAIGHAT,GAIGHATTI
AC_NAME,Bihar,GAIGHATTI,GAIGHATTI
AC_NAME,Bihar,GAYA MUFASSIL,GAYA MUFFASIL
AC_NAME,Bihar,GAYA MUFFASIL,GAYA MUFFASIL
AC_NAME,Bihar,GHATSHILA,GHATSILA
AC_NAME,Bihar,GHATSILA,GHATSILA
AC_NAME,Bihar,GHATSILA CUM BAHARAGORA,GHATSILA
AC_NAME,Bihar,GHOSHI,GHOSI
AC_NAME,Bihar,GHOSI,GHOSI
AC_NAME,Bihar,GIRIDH CUM DUMRI,GIRIDIH
AC_NAME,Bihar,GIRIDIH,GIRIDIH
AC_NAME,Bihar,GOM,GOMIA
AC_NAME,Bihar,GOMIA,GOMIA
AC_NAME,Bihar,GOPAL GANJ,GOPALGANJ
AC_NAME,Bihar,GOPALGANJ,GOPALGANJ
AC_NAME,Bihar,GOREAKOTHI,GOREAKOTHI
AC_NAME,Bihar,GORIYAKOTHI,GOREAKOTHI
AC_NAME,Bihar,GORLAKOTHI,GOREAKOTHI
AC_NAME,Bihar,HARLAKHI,HARLAKHI
AC_NAME,Bihar,HARLAKMI,HARLAKHI
AC_NAME,Bihar,HASANPUR,HASANPUR
AC_NAME,Bihar,HASSANPUR,HASANPUR
AC_NAME,Bihar,HATHUA,HATIA
AC_NAME,Bihar,HATIA,HATIA
AC_NAME,Bihar,HAYAGAHT,HAYAGHAT
AC_NAME,Bihar,HAYAGHAT,HAYAGHAT
AC_NAME,Bihar,HUSSAINABAD,HUSSAINABAD
AC_NAME,Bihar,HUSSAINBAD,HUSSAINABAD
AC_NAME,Bihar,HUSSAINBAD CUM GARHWAH,HUSSAINABAD
AC_NAME,Bihar,JAGANATHPUR,JAGANATHPUR
AC_NAME,Bihar,JAGANNATHPUR,JAGANATHPUR
AC_NAME,Bihar,JAGDISHPUR,JAGDISHPUR
AC_NAME,Bihar,JAGDISMPUR,JAGDISHPUR
AC_NAME,Bihar,JAI NAGAR,JAINAGAR
AC_NAME,Bihar,JAINAGAR,JAINAGAR
AC_NAME,Bihar,JAMALPUR,JAMALPUR
AC_NAME,Bihar,JAMALPUR TOWN,JAMALPUR
AC_NAME,Bihar,JAMUI,JAMUI
AC_NAME,Bihar,JAMUI CUM GAWAN,JAMUI
AC_NAME,Bihar,JUGSALAI,JUGSALAI
AC_NAME,Bihar,JUGSALAI CUM POTKA,JUGSALAI
AC_NAME,Bihar,JUGSALIA,JUGSALAI
AC_NAME,Bihar,JUGSULAI,JUGSALAI
AC_NAME,Bihar,KADWA,KADWA
AC_NAME,Bihar,KADWE,KADWA
AC_NAME,Bihar,KATEA,KATEYA
AC_NAME,Bihar,KATEA CUM BHORE,KATEYA
AC_NAME,Bihar,KATEYA,KATEYA
AC_NAME,Bihar,KATIHAR,KATIHAR
AC_NAME,Bihar,KATIHAR CUM BARARI,KATIHAR
AC_NAME,Bihar,KESARIA,KESARIA
AC_NAME,Bihar,KESARIYA,KESARIA
AC_NAME,Bihar,KHARAGPUR,KHARAGPUR
AC_NAME,Bihar,KHARASAWAN,KHARASAWAN
AC_NAME,Bihar,KHARGPUR,KHARAGPUR
AC_NAME,Bihar,KHARSAWAN,KHARASAWAN
AC_NAME,Bihar,KHARSWAN,KHARASAWAN
AC_NAME,Bihar,KISHANPUR,KISHANPUR
AC_NAME,Bihar,KISHUNPUR,KISHANPUR
AC_NAME,Bihar,KODARAMA,KODARMA
AC_NAME,Bihar,KODARMA,KODARMA
AC_NAME,Bihar,KOLEBIRA,KOLEBIRA
AC_NAME,Bihar,KOLEBRA,KOLEBIRA
AC_NAME,Bihar,KUCHAIKOT,KUCHAIKOT
AC_NAME,Bihar,KUCHAIKOTE,KUCHAIKOT
AC_NAME,Bihar,LATCHAR,LATEHAR
AC_NAME,Bihar,LATEHAR,LATEHAR
AC_NAME,Bihar,LATEHER CUM MANATU,LATEHAR
AC_NAME,Bihar,LAURIA,LAURIA
AC_NAME,Bihar,LAURIYA,LAURIA
AC_NAME,Bihar,LESLIEGANJ,LESLIEGANJ
AC_NAME,Bihar,LESLIGANJ CUM CHHATARPUR,LESLIEGANJ
AC_NAME,Bihar,LITIPARA,LITIPARA
AC_NAME,Bihar,LITTIPARA,LITIPARA
AC_NAME,Bihar,LOHARDAGA,LOHARDAGA
AC_NAME,Bihar,LOHARDATA,LOHARDAGA
AC_NAME,Bihar,MADAIPUR,MADHAIPUR
AC_NAME,Bihar,MADHAIPUR,MADHAIPUR
AC_NAME,Bihar,MADHUPUR,MADHUPUR
AC_NAME,Bihar,MADHUPUR CUM SARATH,MADHUPUR
AC_NAME,Bihar,MANIGACHHI,MANIGACHHI
AC_NAME,Bihar,MANIGACHI,MANIGACHHI
AC_NAME,Bihar,MASARAKH NORTH,MASHRAKH NORTH
AC_NAME,Bihar,MASARAKH SOUTH,MASARAKH SOUTH
AC_NAME,Bihar,MASAURHI,MASAURHI
AC_NAME,Bihar,MASHRAKH NORTH,MASHRAKH NORTH
AC_NAME,Bihar,MASHRAKH SOUTH,MASARAKH SOUTH
AC_NAME,Bihar,MASSAURHI,MASAURHI
AC_NAME,Bihar,MOHIUDDIN NAGAR,MOHIUDDIN NAGAR
AC_NAME,Bihar,MOHIUDDINAGAR,MOHIUDDIN NAGAR
AC_NAME,Bihar,MOHIUDDINNAGAR,MOHIUDDIN NAGAR
AC_NAME,Bihar,MOKAMA,MOKAMAH
AC_NAME,Bihar,MOKAMAH,MOKAMAH
AC_NAME,Bihar,MOKAMEH,MOKAMAH
AC_NAME,Bihar,MONGHYR,MONGHYR
AC_NAME,Bihar,MONGHYR TOWN,MONGHYR
AC_NAME,Bihar,MOTIHARI,MOTIHARI
AC_NAME,Bihar,MOTIHARI CUM PIPRA,MOTIHARI
AC_NAME,Bihar,MURLIGANJ,MURLIGANJ
AC_NAME,Bihar,MURLILGANJ,MURLIGANJ
AC_NAME,Bihar,MUZAFFARPUR,MUZAFFARPUR
AC_NAME,Bihar,MUZAFFARPUR CUM SAKRA,MUZAFFARPUR
AC_NAME,Bihar,NABI NAGAR,NABINAGAR
AC_NAME,Bihar,NABINAGAR,NABINAGAR
AC_NAME,Bihar,NARPATGANJ,NARPATGANJ
AC_NAME,Bihar,NARPATGANJ CUM DHARHARA,NARPATGANJ
AC_NAME,Bihar,NAWADA,NAWADA
AC_NAME,Bihar,NAWADA CUM HASUA,NAWADA
AC_NAME,Bihar,PAKRIBARAWAN CUM WARSALIGANJ,PAKRIBARWAN
AC_NAME,Bihar,PAKRIBARWAN,PAKRIBARWAN
AC_NAME,Bihar,PATABI,PATABI
AC_NAME,Bihar,PATAHI,PATABI
AC_NAME,Bihar,PATEPUR,PATEPUR
AC_NAME,Bihar,PATEYPUR,PATEPUR
AC_NAME,Bihar,PATNA CITY EAST,PATNA EAST
AC_NAME,Bihar,PATNA CITY WEST CUM NAUBATPUR,PATNA WEST
AC_NAME,Bihar,PATNA EAST,PATNA EAST
AC_NAME,Bihar,PATNA WEST,PATNA WEST
AC_NAME,Bihar,PIRPAINTI,PIRPAINTI
AC_NAME,Bihar,PIRPANTI,PIRPAINTI
AC_NAME,Bihar,PORAIYAHAT,PORAIYAHAT
AC_NAME,Bihar,POREYAHAT,PORAIYAHAT
AC_NAME,Bihar,PUN PUN,PUN PUN
AC_NAME,Bihar,PUNPUN,PUN PUN
AC_NAME,Bihar,PUNPUN CUM MASAURHI,PUN PUN
AC_NAME,Bihar,PURNEA,PURNEA
AC_NAME,Bihar,PURNIA,PURNEA
AC_NAME,Bihar,RAJAULI,RAJAULI
AC_NAME,Bihar,RAJAULI CUM WAZIRGANJ,RAJAULI
AC_NAME,Bihar,RAJGIR,RAJGIR
AC_NAME,Bihar,RAJGRIH,RAJGIR
AC_NAME,Bihar,RAM NAGAR,RAMNAGAR
AC_NAME,Bihar,RAMNAGAR,RAMNAGAR
AC_NAME,Bihar,RANCHI SADAR,RANCHI SADAR
AC_NAME,Bihar,RANCHI SADR,RANCHI SADAR
AC_NAME,Bihar,RUINSAIDPUR,RUNISAIDPUR
AC_NAME,Bihar,RUNISAIDPUR,RUNISAIDPUR
AC_NAME,Bihar,SAHPUR,SHAHPUR
AC_NAME,Bihar,SAKAIKELLA,SERAIKELLA
AC_NAME,Bihar,SARAIKELLA,SERAIKELLA
AC_NAME,Bihar,SASARAM,SASARAM
AC_NAME,Bihar,SASARAM CUM ROHTAS,SASARAM
AC_NAME,Bihar,SERAIKELLA,SERAIKELLA
AC_NAME,Bihar,SHAHPUR,SHAHPUR
AC_NAME,Bihar,SHEIKHPURA,SHEIKHPURA
AC_NAME,Bihar,SHEIKHPURA CUM SIKANDARA,SHEIKHPURA
AC_NAME,Bihar,SHEOHAR,SHEOHAR
AC_NAME,Bihar,SHEOHAR CUM BELSAND,SHEOHAR
AC_NAME,Bihar,SHERGHATI,SHERGHATI
AC_NAME,Bihar,SHERGHATI CUM IMAMGANJ,SHERGHATI
AC_NAME,Bihar,SHIKARPUR,SHIKARPUR
AC_NAME,Bihar,SHIKARPUR CUM LAURIA,SHIKARPUR
AC_NAME,Bihar,SIKARIPARA,SIKARIPARS
AC_NAME,Bihar,SIKARIPARS,SIKARIPARS
AC_NAME,Bihar,SIMIRI-BAKHTIARPUR,SIMRI-BAKHTIARPUR
AC_NAME,Bihar,SIMRI BAKHITIARPUR,SIMRI-BAKHTIARPUR
AC_NAME,Bihar,SIMRI BAKHTIARPOR,SIMRI-BAKHTIARPUR
AC_NAME,Bihar,SIMRI BAKHTIARPUR,SIMRI-BAKHTIARPUR
AC_NAME,Bihar,SIMRI-BAKHTIARPUR,SIMRI-BAKHTIARPUR
AC_NAME,Bihar,SINGHESHWAR,SINGHESHWAR
AC_NAME,Bihar,SINGHESWARSTHAN,SINGHESHWAR
AC_NAME,Bihar,SITAMARHI,SITAMARHI
AC_NAME,Bihar,SITAMURHI,SITAMARHI
AC_NAME,Bihar,SONABARSA,SONABARSA
AC_NAME,Bihar,SONBARSA,SONABARSA
AC_NAME,Bihar,SONBARSA FRONTIER,SONABARSA
AC_NAME,Bihar,SRAIKELLA,SERAIKELLA
AC_NAME,Bihar,SURAJ GARHA CUM LAKHISARAI,SURAJGARHA
AC_NAME,Bihar,SURAJGARHA,SURAJGARHA
AC_NAME,Bihar,SURYAGARHA,SURAJGARHA
AC_NAME,Bihar,TARARI,TARARI
AC_NAME,Bihar,TARARI CUM PIRO,TARARI
AC_NAME,Bihar,TEGHARA,TEGHRA
AC_NAME,Bihar,TEGHRA,TEGHRA
AC_NAME,Bihar,TEKARI,TEKARI
AC_NAME,Bihar,TIKARI,TEKARI
AC_NAME,Bihar,TOKPA,TOKPA
AC_NAME,Bihar,TORPA,TOKPA
AC_NAME,Bihar,TRIBENIGANJ,TRIBENIGANJ
AC_NAME,Bihar,TRIBENIGANJ CUM MADHIPURA,TRIBENIGANJ
AC_NAME,Bihar,TUNDI,TUNDI
AC_NAME,Bihar,TUNDI CUM NIRSA,TUNDI
AC_NAME,Bihar,TUNDO,TUNDI
AC_NAME,Chhattisgarh,BHILAI,BHILAI NAGAR
AC_NAME,Chhattisgarh,BHILAI NAGAR,BHILAI NAGAR
AC_NAME,Chhattisgarh,CHITRAKOT,CHITRAKOT
AC_NAME,Chhattisgarh,CHITRAKOTE,CHITRAKOT
AC_NAME,Chhattisgarh,DANTEWADA,DANTEWADA
AC_NAME,Chhattisgarh,Dantewara,DANTEWADA
AC_NAME,Chhattisgarh,Dondi lahara,DONDI LOHARA
AC_NAME,Chhattisgarh,DONDI LOHARA,DONDI LOHARA
AC_NAME,Chhattisgarh,DURG,DURG CITY
AC_NAME,Chhattisgarh,DURG CITY,DURG CITY
AC_NAME,Chhattisgarh,KESHKAL,KESHKAL
AC_NAME,Chhattisgarh,KESKALA,KESHKAL
AC_NAME,Chhattisgarh,Mohala-manpur,Mohala-manpur
AC_NAME,Chhattisgarh,MOHLA-MANPUR,Mohala-manpur
AC_NAME,Chhattisgarh,Narainpur,NARAYANPUR
AC_NAME,Chhattisgarh,NARAYANPUR,NARAYANPUR
AC_NAME,Chhattisgarh,Navagarh,Navagarh
AC_NAME,Chhattisgarh,NAWAGARH,Navagarh
AC_NAME,Delhi,BALLI MARAN,BALLI MARAN
AC_NAME,Delhi,BALLIMARAN,BALLI MARAN
AC_NAME,Delhi,BARA KHAMBA,BARA KHAMBA
AC_NAME,Delhi,BARAKHAMBA,BARA KHAMBA
AC_NAME,Delhi,DELHI CANTONMENT,DELHI CANTONMENT
AC_NAME,Delhi,DELHI CANTT,DELHI CANTONMENT
AC_NAME,Delhi,DELHI CONTONMENT,DELHI CANTONMENT
AC_NAME,Delhi,GEETA COLONY,GEETA COLONY
AC_NAME,Delhi,GITA COLONY,GEETA COLONY
AC_NAME,Delhi,JANAK PURI,JANAK PURI
AC_NAME,Delhi,JANAKPURI,JANAK PURI
AC_NAME,Delhi,KARAWAL NAGAR,KARAWAL NAGAR
AC_NAME,Delhi,LAKSHMI BAI NAGAR,LAKSHMI BAI NAGAR
AC_NAME,Delhi,LAXMI NAGAR,LAKSHMI BAI NAGAR
AC_NAME,Delhi,LAXMIBAI NAGAR,LAKSHMI BAI NAGAR
AC_NAME,Delhi,MANGOL PURI,MANGOL PURI
AC_NAME,Delhi,MANGOLPURI,MANGOL PURI
AC_NAME,Delhi,NAJAF GARH,NAJAF GARH
AC_NAME,Delhi,NAJAFGARH,NAJAF GARH
AC_NAME,Delhi,NARELA,NARELA
AC_NAME,Delhi,NERELA,NARELA
AC_NAME,Delhi,PAHAR GANJ,PAHAR GANJ
AC_NAME,Delhi,PAHARGANJ,PAHAR GANJ
AC_NAME,Delhi,PATPAR GANJ,PATPAR GANJ
AC_NAME,Delhi,PATPARGANJ,PATPAR GANJ
AC_NAME,Delhi,QARAWAL NAGAR,KARAWAL NAGAR
AC_NAME,Delhi,QASAB PURA,QASAB PURA
AC_NAME,Delhi,QASABPURA,QASAB PURA
AC_NAME,Delhi,R .K. PURAM,R .K. PURAM
AC_NAME,Delhi,R K PURAM,R .K. PURAM
AC_NAME,Delhi,R.K. PURAM,R .K. PURAM
AC_NAME,Delhi,R.K.PURAM,R .K. PURAM
AC_NAME,Delhi,SEELAM PUR,SEELAM PUR
AC_NAME,Delhi,SEELAMPUR,SEELAM PUR
AC_NAME,Delhi,SEEMA PURI,SEEMA PURI
AC_NAME,Delhi,SEEMAPURI,SEEMA PURI
AC_NAME,Delhi,SHAKUR BASTI,SHAKUR BASTI
AC_NAME,Delhi,SHAKURBASTI,SHAKUR BASTI
AC_NAME,Delhi,SULTAN PUR MAJRA,SULTANPUR MAJRA
AC_NAME,Delhi,SULTANPUR MAJRA,SULTANPUR MAJRA
AC_NAME,Delhi,TRILOK PURI,TRILOKPURI
AC_NAME,Delhi,TRILOKPURI,TRILOKPURI
AC_NAME,Delhi,TUGHLAKABAD,TUGHLAKABAD
AC_NAME,Delhi,TUGHLAQABAD,TUGHLAKABAD
AC_NAME,Delhi,TUGHLAQUABAD,TUGHLAKABAD
AC_NAME,Delhi,TUGLAKABAD,TUGHLAKABAD
AC_NAME,Delhi,VISHWAS NAGAR,VISHWAS NAGAR
AC_NAME,Delhi,VISHWASH NAGAR,VISHWAS NAGAR
AC_NAME,Goa,CHUM BARJUA,CUMBARJUA
AC_NAME,Goa,CUMBARJUA,CUMBARJUA
AC_NAME,Goa,CUNCOLI,CUNCOLIM
AC_NAME,Goa,CUNCOLIM,CUNCOLIM
AC_NAME,Goa,LOUTOLIM,LOUTOLIM
AC_NAME,Goa,LOUTULIM,LOUTOLIM
AC_NAME,Goa,MAPUCA,MAPUSA
AC_NAME,Goa,MAPUSA,MAPUSA
AC_NAME,Goa,MARCAIM,MARCAIM
AC_NAME,Goa,MARMAGOA,MORMUGAO
AC_NAME,Goa,MORMUGAO,MORMUGAO
AC_NAME,Goa,NARCAIN,MARCAIM
AC_NAME,Goa,SANTA CRUZ,SANTA CRUZ
AC_NAME,Goa,SANTO ANDRE,SANTO ANDRE
AC_NAME,Goa,SANTO. ANDRE,SANTO ANDRE
AC_NAME,Goa,ST. ANDRE,SANTO ANDRE
AC_NAME,Goa,ST. CRUZ,SANTA CRUZ
AC_NAME,Goa,VASCO DA GAMA,VASCO DA GAMA
AC_NAME,Goa,VASCO-DA-GAMA,VASCO DA GAMA
AC_NAME,Gujarat,ANAD,ANAND
AC_NAME,Gujarat,ANAND,ANAND
AC_NAME,Gujarat,ASARVA,ASARWA
AC_NAME,Gujarat,ASARWA,ASARWA
AC_NAME,Gujarat,BHADRAN,BHADRAN
AC_NAME,Gujarat,BHARDRAN,BHADRAN
AC_NAME,Gujarat,CHHOTA UDAIPUR,CHHOTA UDAIPUR
AC_NAME,Gujarat,CHHOTA UDEPUR,CHHOTA UDAIPUR
AC_NAME,Gujarat,CHHOTAUDAIPUR,CHHOTA UDAIPUR
AC_NAME,Gujarat,DARIAPUR KAZIPUR,DARIAPUR-KAZIPUR
AC_NAME,Gujarat,DARIAPUR-KAZIPUR,DARIAPUR-KAZIPUR
AC_NAME,Gujarat,DAVGADH BARIA,DEVGADH BARIA
AC_NAME,Gujarat,DEVGADH BARIA,DEVGADH BARIA
AC_NAME,Gujarat,ELLIS BRIDGE,ELLIS BRIDGE
AC_NAME,Gujarat,ELLISBRIDGE,ELLIS BRIDGE
AC_NAME,Gujarat,GHOGHO,GHOGHO
AC_NAME,Gujarat,GHOGHO DASKROI,GHOGHO
AC_NAME,Gujarat,JODIA,JODIYA
AC_NAME,Gujarat,JODIYA,JODIYA
AC_NAME,Gujarat,KANKREJ,KANKREJ
AC_NAME,Gujarat,KAPADVANJ,KAPADVANJ
AC_NAME,Gujarat,KAPADWANJ,KAPADVANJ
AC_NAME,Gujarat,KENKREJ,KANKREJ
AC_NAME,Gujarat,KHADBRAHMA,KHEDBRAHMA
AC_NAME,Gujarat,KHEDBRAHMA,KHEDBRAHMA
AC_NAME,Gujarat,LIMKHADA,LIMKHEDA
AC_NAME,Gujarat,LIMKHEDA,LIMKHEDA
AC_NAME,Gujarat,LUNAVADA,LUNAVADA
AC_NAME,Gujarat,LUNAWADA,LUNAVADA
AC_NAME,Gujarat,MALIA,MALIYA
AC_NAME,Gujarat,MALIYA,MALIYA
AC_NAME,Gujarat,MEHEMDABAD,MEHMEDABAD
AC_NAME,Gujarat,MEHMEDABAD,MEHMEDABAD
AC_NAME,Gujarat,NASVADI,NASVADI
AC_NAME,Gujarat,NASWADI,NASVADI
AC_NAME,Gujarat,PATAN,PATAN
AC_NAME,Gujarat,PATNA,PATAN
AC_NAME,Gujarat,RAJKOT I,RAJKOT-I
AC_NAME,Gujarat,RAJKOT I I,RAJKOT-II
AC_NAME,Gujarat,RAJKOT II,RAJKOT-II
AC_NAME,Gujarat,RAJKOT-I,RAJKOT-I
AC_NAME,Gujarat,RAJKOT-II,RAJKOT-II
AC_NAME,Gujarat,RAOPURA,RAOPURA
AC_NAME,Gujarat,REOPURA,RAOPURA
AC_NAME,Gujarat,SANAD,SANAND
AC_NAME,Gujarat,SANAND,SANAND
AC_NAME,Gujarat,SHAHER KOTDA,SHAHER KOTDA
AC_NAME,Gujarat,SHERKOTDA,SHAHER KOTDA
AC_NAME,Gujarat,TALAJA,TALAJA
AC_NAME,Gujarat,TALAJA DATHA,TALAJA
AC_NAME,Gujarat,VAGHODIA,VAGHODIA
AC_NAME,Gujarat,WAGHODIA,VAGHODIA
AC_NAME,Karnataka,AFZALPUR,AFZALPUR
AC_NAME,Karnataka,ALAND,ALAND
AC_NAME,Karnataka,ALLAND,ALAND
AC_NAME,Karnataka,ANEKAL,ANEKAL
AC_NAME,Karnataka,ANKOLA,ANKOLA
AC_NAME,Karnataka,ARABHAVI,ARBHAVI
AC_NAME,Karnataka,ARBHAVI,ARBHAVI
AC_NAME,Karnataka,ARKALGUD,ARKALGUD
AC_NAME,Karnataka,ARSIKERE,ARSIKERE
AC_NAME,Karnataka,ATHANI,ATHANI
AC_NAME,Karnataka,ATHNI,ATHANI
AC_NAME,Karnataka,AURAD,AURAD
AC_NAME,Karnataka,B.T.M LAYOUT,B.T.M LAYOUT
AC_NAME,Karnataka,B.T.M. LAYOUT,B.T.M LAYOUT
AC_NAME,Karnataka,BABALESHWAR,BABALESHWAR
AC_NAME,Karnataka,BADAMI,BADAMI
AC_NAME,Karnataka,BAGALKOT,BAGALKOT
AC_NAME,Karnataka,BAGEPALLI,BAGEPALLI
AC_NAME,Karnataka,BAGEWADI,BAGEWADI
AC_NAME,Karnataka,BAILHONGAL,BAILHONGAL
AC_NAME,Karnataka,BAINDUR,BAINDUR
AC_NAME,Karnataka,BALLOLLI,BALLOLLI
AC_NAME,Karnataka,BANGALORE NORTH,BANGALORE NORTH
AC_NAME,Karnataka,BANGALORE SOUTH,BANGALORE SOUTH
AC_NAME,Karnataka,BANGARAPET,BANGARPET
AC_NAME,Karnataka,BANGARPET,BANGARPET
AC_NAME,Karnataka,BANNUR,BANNUR
AC_NAME,Karnataka,BANTVAL,BANTVAL
AC_NAME,Karnataka,BANTWAL,BANTVAL
AC_NAME,Karnataka,BARADOL,BARADOL
AC_NAME,Karnataka,BASAVA KALYAN,BASAVAKALYAN
AC_NAME,Karnataka,BASAVAKALYAN,BASAVAKALYAN
AC_NAME,Karnataka,BASAVANA BAGEVADI,BASAVANA BAGEVADI
AC_NAME,Karnataka,BASAVANA-BAGEWADI,BASAVANA BAGEVADI
AC_NAME,Karnataka,BASAVANAGUDI,BASAVANAGUDI
AC_NAME,Karnataka,BASAVANGUDI,BASAVANAGUDI
AC_NAME,Karnataka,BASAVANGUNI,BASAVANAGUDI
AC_NAME,Karnataka,BELGAUM,BELGAUM
AC_NAME,Karnataka,BELGAUM CITY,BELGAUM
AC_NAME,Karnataka,BELGAUM DAKSHIN,BELGAUM DAKSHIN
AC_NAME,Karnataka,BELGAUM I,BELGAUM I
AC_NAME,Karnataka,BELGAUM I I,BELGAUM I I
AC_NAME,Karnataka,BELGAUM II,BELGAUM I I
AC_NAME,Karnataka,BELGAUM RURAL,BELGAUM RURAL
AC_NAME,Karnataka,BELGAUM UTTAR,BELGAUM UTTAR
AC_NAME,Karnataka,BELLARY,BELLARY
AC_NAME,Karnataka,BELLARY CITY,BELLARY CITY
AC_NAME,Karnataka,BELLAVI,BELLAVI
AC_NAME,Karnataka,BELTHANGADY,BELTHANGADY
AC_NAME,Karnataka,BELUR,BELUR
AC_NAME,Karnataka,BETHAMANGALA,BETHAMANGALA
AC_NAME,Karnataka,BHADRAVATHI,BHADRAVATHI
AC_NAME,Karnataka,BHADRAVATI,BHADRAVATHI
AC_NAME,Karnataka,BHALKI,BHALKI
AC_NAME,Karnataka,BHARAMASAGARA,BHARMASAGARA
AC_NAME,Karnataka,BHARATHINAGAR,BHARATHINAGAR
AC_NAME,Karnataka,BHARATHYNAGAR,BHARATHINAGAR
AC_NAME,Karnataka,BHARMASAGARA,BHARMASAGARA
AC_NAME,Karnataka,BHATKAL,BHATKAL
AC_NAME,Karnataka,BIDAR,BIDAR
AC_NAME,Karnataka,BIDAR SOUTH,BIDAR SOUTH
AC_NAME,Karnataka,BIJAPUR,BIJAPUR
AC_NAME,Karnataka,BIJAPUR CITY,BIJAPUR CITY
AC_NAME,Karnataka,BILGI,BILGI
AC_NAME,Karnataka,BILIGERE,BILIGERE
AC_NAME,Karnataka,BINNYPET,BINNYPET
AC_NAME,Karnataka,BIRUR,BIRUR
AC_NAME,Karnataka,BOMMANAHALLI,BOMMANAHALLI
AC_NAME,Karnataka,BRAHAMAVAR,BRAHMAVAR
AC_NAME,Karnataka,BRAHMAVAR,BRAHMAVAR
AC_NAME,Karnataka,BRAHMAWAR,BRAHMAVAR
AC_NAME,Karnataka,BROADWAY,BROADWAY
AC_NAME,Karnataka,BUNTWAL,BANTVAL
AC_NAME,Karnataka,BYADGI,BYADGI
AC_NAME,Karnataka,BYATARAYANAPURA,BYATARAYANAPURA
AC_NAME,Karnataka,BYNDOOR,BAINDUR
AC_NAME,Karnataka,C.V. RAMAN NAGAR,C.V. RAMAN NAGAR
AC_NAME,Karnataka,CHALLAKERE,CHALLAKERE
AC_NAME,Karnataka,CHAM RAJAPET,CHAMARAJPET
AC_NAME,Karnataka,CHAMARAJA,CHAMARAJA
AC_NAME,Karnataka,CHAMARAJANAGAR,CHAMARAJANAGAR
AC_NAME,Karnataka,CHAMARAJAPET,CHAMARAJPET
AC_NAME,Karnataka,CHAMARAJPET,CHAMARAJPET
AC_NAME,Karnataka,CHAMRAJPET,CHAMARAJPET
AC_NAME,Karnataka,CHAMUNDESHWARI,CHAMUNDESHWARI
AC_NAME,Karnataka,CHAMUNDESWARI,CHAMUNDESHWARI
AC_NAME,Karnataka,CHANDRASEKHARAPURA,CHANDRASEKHARAPURA
AC_NAME,Karnataka,CHANNAGIRI,CHANNAGIRI
AC_NAME,Karnataka,CHANNAPATNA,CHANNAPATNA
AC_NAME,Karnataka,CHENNAGIRI,CHANNAGIRI
AC_NAME,Karnataka,CHICKPET,CHICKPET
AC_NAME,Karnataka,CHICNAYAKANAHALLI,CHIKNAYAKANHALLI
AC_NAME,Karnataka,CHIKAMAGALUR,CHIKMAGALUR
AC_NAME,Karnataka,CHIKBALLAPUR,CHIKBALLAPUR
AC_NAME,Karnataka,CHIKKABALLAPUR,CHIKBALLAPUR
AC_NAME,Karnataka,CHIKKODI,CHIKKODI
AC_NAME,Karnataka,CHIKKODI-SADALGA,CHIKKODI-SADALGA
AC_NAME,Karnataka,CHIKMAGALUR,CHIKMAGALUR
AC_NAME,Karnataka,CHIKNAIKANAHALLI,CHIKNAYAKANHALLI
AC_NAME,Karnataka,CHIKNAYAKANAHALLI,CHIKNAYAKANHALLI
AC_NAME,Karnataka,CHIKNAYAKANHALLI,CHIKNAYAKANHALLI
AC_NAME,Karnataka,CHIKODI,CHIKKODI
AC_NAME,Karnataka,CHIKPET,CHICKPET
AC_NAME,Karnataka,CHINCHOLI,CHINCHOLI
AC_NAME,Karnataka,CHINTAMANI,CHINTAMANI
AC_NAME,Karnataka,CHITALDRUG,CHITRADURGA
AC_NAME,Karnataka,CHITAPUR,CHITTAPUR
AC_NAME,Karnataka,CHITRADURGA,CHITRADURGA
AC_NAME,Karnataka,CHITTAPUR,CHITTAPUR
AC_NAME,Karnataka,COONDAPUR,KUNDAPURA
AC_NAME,Karnataka,CUBBONPET,CUBBONPET
AC_NAME,Karnataka,DASARAHALLI,DASARAHALLI
AC_NAME,Karnataka,DAVANAGERE NORTH,DAVANAGERE NORTH
AC_NAME,Karnataka,DAVANAGERE SOUTH,DAVANAGERE SOUTH
AC_NAME,Karnataka,DAVANGERE,DAVANGERE
AC_NAME,Karnataka,DEODURG,DEODURG
AC_NAME,Karnataka,DEVADURGA,DEVADURGA
AC_NAME,Karnataka,DEVANAHALLI,DEVANAHALLI
AC_NAME,Karnataka,DEVAR HIPPARGI,DEVAR HIPPARGI
AC_NAME,Karnataka,DHARWAD,DHARWAD
AC_NAME,Karnataka,DHARWAD RURAL,DHARWAD RURAL
AC_NAME,Karnataka,DHARWAR,DHARWAD
AC_NAME,Karnataka,DHARWAR RURAL,DHARWAD RURAL
AC_NAME,Karnataka,DOD BALLAPUR,DODDABALLAPUR
AC_NAME,Karnataka,DODABALLAPUR,DODDABALLAPUR
AC_NAME,Karnataka,DODDABALLAPUR,DODDABALLAPUR
AC_NAME,Karnataka,DODDABALLAPURA,DODDABALLAPUR
AC_NAME,Karnataka,FORT,FORT
AC_NAME,Karnataka,GADAG,GADAG
AC_NAME,Karnataka,GANDASI,GANDASI
AC_NAME,Karnataka,GANDHI NAGAR,GANDHI NAGAR
AC_NAME,Karnataka,GANDHINAGAR,GANDHI NAGAR
AC_NAME,Karnataka,GANDSI,GANDASI
AC_NAME,Karnataka,GANGAVATHI,GANGAVATHI
AC_NAME,Karnataka,GANGAVATI,GANGAVATHI
AC_NAME,Karnataka,GANGAVATTI,GANGAVATHI
AC_NAME,Karnataka,GANGAWATI,GANGAVATHI
AC_NAME,Karnataka,GAURIBIDANUR,GAURIBIDANUR
AC_NAME,Karnataka,GHANDHI NAGAR,GANDHI NAGAR
AC_NAME,Karnataka,GOKAK,GOKAK
AC_NAME,Karnataka,GOKAK I,GOKAK I
AC_NAME,Karnataka,GOKAK I I,GOKAK II
AC_NAME,Karnataka,GOKAK II,GOKAK II
AC_NAME,Karnataka,GOVINDRAJ NAGAR,GOVINDRAJ NAGAR
AC_NAME,Karnataka,GOWRIBIDANUR,GAURIBIDANUR
AC_NAME,Karnataka,GUBBI,GUBBI
AC_NAME,Karnataka,GULBARGA,GULBARGA
AC_NAME,Karnataka,GULBARGA DAKSHIN,GULBARGA DAKSHIN
AC_NAME,Karnataka,GULBARGA RURAL,GULBARGA RURAL
AC_NAME,Karnataka,GULBARGA UTTAR,GULBARGA UTTAR
AC_NAME,Karnataka,GULEDGUD,GULEDGUD
AC_NAME,Karnataka,GULEDGUU,GULEDGUD
AC_NAME,Karnataka,GULUR,GULUR
AC_NAME,Karnataka,GUNDLUPET,GUNDLUPET
AC_NAME,Karnataka,GURMITKAL,GURMITKAL
AC_NAME,Karnataka,GURUMITKAL,GURMITKAL
AC_NAME,Karnataka,HADAGALLI,HADAGALLI
AC_NAME,Karnataka,HAGARIBOMMANAHALLI,HAGARIBOMMANAHALLI
AC_NAME,Karnataka,HALIYAL,HALIYAL
AC_NAME,Karnataka,HANAGAL,HANGAL
AC_NAME,Karnataka,HANGAL,HANGAL
AC_NAME,Karnataka,HANUR,HANUR
AC_NAME,Karnataka,HARAPANAHALLI,HARPANAHALLI
AC_NAME,Karnataka,HARIHAR,HARIHAR
AC_NAME,Karnataka,HARPANAHALLI,HARPANAHALLI
AC_NAME,Karnataka,HASSAN,HASSAN
AC_NAME,Karnataka,HAVERI,HAVERI
AC_NAME,Karnataka,HEBBAL,HEBBAL
AC_NAME,Karnataka,HEBBUR,HEBBUR
AC_NAME,Karnataka,HEGGADADEVANAKOTE,HEGGADADEVANKOTE
AC_NAME,Karnataka,HEGGADADEVANKOTE,HEGGADADEVANKOTE
AC_NAME,Karnataka,HIREKERUP,HIREKERUR
AC_NAME,Karnataka,HIREKERUR,HIREKERUR
AC_NAME,Karnataka,HIRIYUR,HIRIYUR
AC_NAME,Karnataka,HOLALKERE,HOLALKERE
AC_NAME,Karnataka,HOLEHONNUR,HOLEHONNUR
AC_NAME,Karnataka,HOLENARASIPUR,HOLENARASIPUR
AC_NAME,Karnataka,HOLENARSIPUR,HOLENARASIPUR
AC_NAME,Karnataka,HOMNABAD,HOMNABAD
AC_NAME,Karnataka,HONAWAR,HONAWAR
AC_NAME,Karnataka,HONNALI,HONNALI
AC_NAME,Karnataka,HOSADURGA,HOSADURGA
AC_NAME,Karnataka,HOSAKOTE,HOSAKOTE
AC_NAME,Karnataka,HOSANAGAR,HOSANNAGAR
AC_NAME,Karnataka,HOSANNAGAR,HOSANNAGAR
AC_NAME,Karnataka,HOSDURGA,HOSADURGA
AC_NAME,Karnataka,HOSKOTE,HOSAKOTE
AC_NAME,Karnataka,HOSPET,HOSPET
AC_NAME,Karnataka,HUBLI,HUBLI
AC_NAME,Karnataka,HUBLI CITY,HUBLI CITY
AC_NAME,Karnataka,HUBLI RURAL,HUBLI RURAL
AC_NAME,Karnataka,HUBLI-DHARWAD- WEST,HUBLI-DHARWAD-WEST
AC_NAME,Karnataka,HUBLI-DHARWAD-CENTRAL,HUBLI-DHARWAD-CENTRAL
AC_NAME,Karnataka,HUBLI-DHARWAD-EAST,HUBLI-DHARWAD-EAST
AC_NAME,Karnataka,HUBLI-DHARWAD-WEST,HUBLI-DHARWAD-WEST
AC_NAME,Karnataka,HUGUND,HUNGUND
AC_NAME,Karnataka,HUKERI,HUKKERI
AC_NAME,Karnataka,HUKKERI,HUKKERI
AC_NAME,Karnataka,HULIYURDURGA,HULIYURDURGA
AC_NAME,Karnataka,HULSOOR,HULSOOR
AC_NAME,Karnataka,HULSUR,HULSOOR
AC_NAME,Karnataka,HUMNABAD,HUMNABAD
AC_NAME,Karnataka,HUNGUND,HUNGUND
AC_NAME,Karnataka,HUNSUR,HUNSUR
AC_NAME,Karnataka,HUVINAHIPPARAGI,HUVIN-HIPPARGI
AC_NAME,Karnataka,HUVINHIPPARGI,HUVIN-HIPPARGI
AC_NAME,Karnataka,HUVIN-HIPPARGI,HUVIN-HIPPARGI
AC_NAME,Karnataka,INDI,INDI
AC_NAME,Karnataka,INHI,INDI
AC_NAME,Karnataka,JAGALUR,JAGALUR
AC_NAME,Karnataka,JAMKHANDI,JAMKHANDI
AC_NAME,Karnataka,JAYAMAHAL,JAYAMAHAL
AC_NAME,Karnataka,JAYANAGAR,JAYANAGAR
AC_NAME,Karnataka,JEVARGI,JEVARGI
AC_NAME,Karnataka,JEWARGI,JEVARGI
AC_NAME,Karnataka,K.R. PURA,K.R.PURA
AC_NAME,Karnataka,K.R.PURA,K.R.PURA
AC_NAME,Karnataka,KADUR,KADUR
AC_NAME,Karnataka,KAGAWAD,KAGWAD
AC_NAME,Karnataka,KAGWAD,KAGWAD
AC_NAME,Karnataka,KALGHATGI,KALGHATGI
AC_NAME,Karnataka,KALGI,KALGI
AC_NAME,Karnataka,KALLAMBALLA,KALLAMBALLA
AC_NAME,Karnataka,KALLAMBELLA,KALLAMBALLA
AC_NAME,Karnataka,KALMALA,KALMALA
AC_NAME,Karnataka,KALYANI,KALYANI
AC_NAME,Karnataka,KAMALAPUR,KAMALAPUR
AC_NAME,Karnataka,KAMPLI,KAMPLI
AC_NAME,Karnataka,KANAKAGIRI,KANAKAGIRI
AC_NAME,Karnataka,KANAKAPURA,KANAKAPURA
AC_NAME,Karnataka,KAPU,KAUP
AC_NAME,Karnataka,KARKAL,KARKAL
AC_NAME,Karnataka,KARWAR,KARWAR
AC_NAME,Karnataka,KAUP,KAUP
AC_NAME,Karnataka,KERAGODU,KERAGODU
AC_NAME,Karnataka,KHANAPUR,KHANAPUR
AC_NAME,Karnataka,KIRAGAVAL,KIRUGAVALU
AC_NAME,Karnataka,KIRUGAVALU,KIRUGAVALU
AC_NAME,Karnataka,KITTUR,KITTUR
AC_NAME,Karnataka,KOLAR,KOLAR
AC_NAME,Karnataka,KOLAR GOLD FIELD,KOLAR GOLD FIELDS
AC_NAME,Karnataka,KOLAR GOLD FIELDS,KOLAR GOLD FIELDS
AC_NAME,Karnataka,KOLLEGAL,KOLLEGAL
AC_NAME,Karnataka,KOPPAL,KOPPAL
AC_NAME,Karnataka,KORATAGERE,KORATAGERE
AC_NAME,Karnataka,KOTTUR,KOTTUR
AC_NAME,Karnataka,KRISHNAARAJPET,KRISHNARAJAPET
AC_NAME,Karnataka,KRISHNARAJ,KRISHNARAJA
AC_NAME,Karnataka,KRISHNARAJA,KRISHNARAJA
AC_NAME,Karnataka,KRISHNARAJANAGAR,KRISHNARAJANAGAR
AC_NAME,Karnataka,KRISHNARAJANAGARA,KRISHNARAJANAGAR
AC_NAME,Karnataka,KRISHNARAJAPET,KRISHNARAJAPET
AC_NAME,Karnataka,KRISHNARAJNAGAR,KRISHNARAJANAGAR
AC_NAME,Karnataka,KRISHNARAJPET,KRISHNARAJAPET
AC_NAME,Karnataka,KUDACHI,KUDACHI
AC_NAME,Karnataka,KUDLIGI,KUDLIGI
AC_NAME,Karnataka,KUDUR,KUDUR
AC_NAME,Karnataka,KUMTA,KUMTA
AC_NAME,Karnataka,KUNDAPURA,KUNDAPURA
AC_NAME,Karnataka,KUNDGOL,KUNDGOL
AC_NAME,Karnataka,KUNIGAL,KUNIGAL
AC_NAME,Karnataka,KUNTA,KUMTA
AC_NAME,Karnataka,KURUGODU,KURUGODU
AC_NAME,Karnataka,KUSHTAGI,KUSHTAGI
AC_NAME,Karnataka,LINGSUGUR,LINGSUGUR
AC_NAME,Karnataka,MADDUR,MADDUR
AC_NAME,Karnataka,MADHUGIRI,MADHUGIRI
AC_NAME,Karnataka,MADIKERE,MADIKERI
AC_NAME,Karnataka,MADIKERI,MADIKERI
AC_NAME,Karnataka,MAGADI,MAGADI
AC_NAME,Karnataka,MAHADEVAPURA,MAHADEVAPURA
AC_NAME,Karnataka,MAHALAKSHMI LAYOUT,MAHALAKSHMI LAYOUT
AC_NAME,Karnataka,MALAVALLI,MALAVALLI
AC_NAME,Karnataka,MALLESHWARAM,MALLESHWARAM
AC_NAME,Karnataka,MALLESWARAM,MALLESHWARAM
AC_NAME,Karnataka,MALUR,MALUR
AC_NAME,Karnataka,MANDYA,MANDYA
AC_NAME,Karnataka,MANGALORE,MANGALORE
AC_NAME,Karnataka,MANGALORE CITY NORTH,MANGALORE CITY NORTH
AC_NAME,Karnataka,MANGALORE CITY SOUTH,MANGALORE CITY SOUTH
AC_NAME,Karnataka,MANGALORE I,MANGALORE I
AC_NAME,Karnataka,MANGALORE I I,MANGALORE II
AC_NAME,Karnataka,MANGALORE II,MANGALORE II
AC_NAME,Karnataka,MANVI,MANVI
AC_NAME,Karnataka,MASKI,MASKI
AC_NAME,Karnataka,MAYAKONDA,MAYAKONDA
AC_NAME,Karnataka,MELUKOTE,MELUKOTE
AC_NAME,Karnataka,MERCARA,MERCARA
AC_NAME,Karnataka,MOLAKALMURU,MOLAKALMURU
AC_NAME,Karnataka,MOODABIDRI,MOODABIDRI
AC_NAME,Karnataka,MUDABIDRI,MOODABIDRI
AC_NAME,Karnataka,MUDDEBIHAL,MUDDEBIHAL
AC_NAME,Karnataka,MUDHOL,MUDHOL
AC_NAME,Karnataka,MUDIGERE,MUDIGERE
AC_NAME,Karnataka,MULBAGAL,MULBAGAL
AC_NAME,Karnataka,MUNDARGI,MUNDARGI
AC_NAME,Karnataka,MYSORE,MYSORE
AC_NAME,Karnataka,MYSORE CITY,MYSORE CITY
AC_NAME,Karnataka,MYSORE CITY NORTH,MYSORE CITY NORTH
AC_NAME,Karnataka,NAGAMANGALA,NAGAMANGALA
AC_NAME,Karnataka,NAGTHAN,NAGTHAN
AC_NAME,Karnataka,NANJANGUD,NANJANGUD
AC_NAME,Karnataka,NARAGUND,NARGUND
AC_NAME,Karnataka,NARASIMHARAJA,NARASIMHARAJA
AC_NAME,Karnataka,NARGUND,NARGUND
AC_NAME,Karnataka,NAVALGUND,NAVALGUND
AC_NAME,Karnataka,NELAMANGALA,NELAMANGALA
AC_NAME,Karnataka,NIPANI,NIPPANI
AC_NAME,Karnataka,NIPPANI,NIPPANI
AC_NAME,Karnataka,PADMANABA NAGAR,PADMANABA NAGAR
AC_NAME,Karnataka,PALAIYAM,PALAIYAM
AC_NAME,Karnataka,PALYA,PALYA
AC_NAME,Karnataka,PANDAVAPURA,PANDAVAPURA
AC_NAME,Karnataka,PANEMANGALORE,PANEMANGALORE
AC_NAME,Karnataka,PARASAGAD,PARASGAD
AC_NAME,Karnataka,PARASGAD,PARASGAD
AC_NAME,Karnataka,PAVAGADA,PAVAGADA
AC_NAME,Karnataka,PERIYAPATNA,PERIYAPATNA
AC_NAME,Karnataka,PIRIYAPATNA,PERIYAPATNA
AC_NAME,Karnataka,PULAKESHINAGAR,PULAKESHINAGAR
AC_NAME,Karnataka,PUTTUR,PUTTUR
AC_NAME,Karnataka,RAIBAG,RAIBAG
AC_NAME,Karnataka,RAICHUR,RAICHUR
AC_NAME,Karnataka,RAICHUR RURAL,RAICHUR RURAL
AC_NAME,Karnataka,RAJAJI NAGAR,RAJAJI NAGAR
AC_NAME,Karnataka,RAJAJINAGAR,RAJAJI NAGAR
AC_NAME,Karnataka,RAJARAJESHWARINAGAR,RAJARAJESHWARINAGAR
AC_NAME,Karnataka,RAMADURG,RAMDURG
AC_NAME,Karnataka,RAMANAGARAM,RAMANAGARAM
AC_NAME,Karnataka,RAMDURG,RAMDURG
AC_NAME,Karnataka,RANEBENNUR,RANIBENNUR
AC_NAME,Karnataka,RANIBENNUR,RANIBENNUR
AC_NAME,Karnataka,RAYBAG,RAIBAG
AC_NAME,Karnataka,ROBERTSONPET,ROBERTSONPET
AC_NAME,Karnataka,RON,RON
AC_NAME,Karnataka,SADALGA,SADALGA
AC_NAME,Karnataka,SAGAR,SAGAR
AC_NAME,Karnataka,SAKLESHPUR,SAKLESHPUR
AC_NAME,Karnataka,SAMPAGAON I,SAMPAGAON I
AC_NAME,Karnataka,SAMPAGAON I I,SAMPGAON II
AC_NAME,Karnataka,SAMPGAON I,SAMPAGAON I
AC_NAME,Karnataka,SAMPGAON II,SAMPGAON II
AC_NAME,Karnataka,SANDUR,SANDUR
AC_NAME,Karnataka,SANKEHWAR,SANKESHWAR
AC_NAME,Karnataka,SANKESHWAR,SANKESHWAR
AC_NAME,Karnataka,SANTHEMARAHALLI,SANTHEMARAHALLI
AC_NAME,Karnataka,SANTPUR,SANTPUR
AC_NAME,Karnataka,SARVAGNANAGAR,SARVAGNANAGAR
AC_NAME,Karnataka,SATHANUR,SATHANUR
AC_NAME,Karnataka,SAUNDATTI YELLAMMA,SAUNDATTI YELLAMMA
AC_NAME,Karnataka,SEDAM,SEDAM
AC_NAME,Karnataka,SERUM,SEDAM
AC_NAME,Karnataka,SHAHABAD,SHAHABAD
AC_NAME,Karnataka,SHAHAPUR,SHAHPUR
AC_NAME,Karnataka,SHAHPUR,SHAHPUR
AC_NAME,Karnataka,SHANTHINAGAR,SHANTHINAGAR
AC_NAME,Karnataka,SHANTI NAGAR,SHANTHINAGAR
AC_NAME,Karnataka,SHANTINAGAR,SHANTHINAGAR
AC_NAME,Karnataka,SHIGGAON,SHIGGAON
AC_NAME,Karnataka,SHIKARIPUR,SHIKARIPURA
AC_NAME,Karnataka,SHIKARIPURA,SHIKARIPURA
AC_NAME,Karnataka,SHIMOGA,SHIMOGA
AC_NAME,Karnataka,SHIMOGA RURAL,SHIMOGA RURAL
AC_NAME,Karnataka,SHIRAHATTI,SHIRHATTI
AC_NAME,Karnataka,SHIRHATTI,SHIRHATTI
AC_NAME,Karnataka,SHIRUGUPPA,SIRUGUPPA
AC_NAME,Karnataka,SHIVAJINAGAR,SHIVAJINAGAR
AC_NAME,Karnataka,SHORAPUR,SHORAPUR
AC_NAME,Karnataka,SHRAVANABELAGOLA,SHRAVANABELAGOLA
AC_NAME,Karnataka,SHRIRANGAPATTANA,SRIRANGAPATNA
AC_NAME,Karnataka,SIDLAGHATTA,SIDLAGHATTA
AC_NAME,Karnataka,SINDAGI,SINDAGI
AC_NAME,Karnataka,SINDGI,SINDAGI
AC_NAME,Karnataka,SINDHANOOR,SINDHANUR
AC_NAME,Karnataka,SINDHANUR,SINDHANUR
AC_NAME,Karnataka,SINDHNOOR,SINDHANUR
AC_NAME,Karnataka,SIRA,SIRA
AC_NAME,Karnataka,SIRSI,SIRSI
AC_NAME,Karnataka,SIRUGUPPA,SIRUGUPPA
AC_NAME,Karnataka,SOLUR,SOLUR
AC_NAME,Karnataka,SOMWARPET,SOMWARPET
AC_NAME,Karnataka,SORAB,SORAB
AC_NAME,Karnataka,SRAVANABELAGOLA,SHRAVANABELAGOLA
AC_NAME,Karnataka,SRINGERI,SRINGERI
AC_NAME,Karnataka,SRINIVASAPUR,SRINIVASPUR
AC_NAME,Karnataka,SRINIVASPUR,SRINIVASPUR
AC_NAME,Karnataka,SRIRANGAPATNA,SRIRANGAPATNA
AC_NAME,Karnataka,SULLIA,SULLIA
AC_NAME,Karnataka,SURATHKAL,SURATHKAL
AC_NAME,Karnataka,T NARASIPUR,T. NARASIPUR
AC_NAME,Karnataka,T NARSIPUR,T. NARASIPUR
AC_NAME,Karnataka,T. NARASIPUR,T. NARASIPUR
AC_NAME,Karnataka,T.NARASIPUR,T. NARASIPUR
AC_NAME,Karnataka,TALIKOT,TALIKOT
AC_NAME,Karnataka,TARIKERE,TARIKERE
AC_NAME,Karnataka,TERDAL,TERDAL
AC_NAME,Karnataka,THIRTHAHALLI,THIRTHAHALLI
AC_NAME,Karnataka,TIKOTA,TIKOTA
AC_NAME,Karnataka,TIPTUR,TIPTUR
AC_NAME,Karnataka,TIRTHAHALLI,THIRTHAHALLI
AC_NAME,Karnataka,TUMKUR,TUMKUR
AC_NAME,Karnataka,TUMKUR CITY,TUMKUR CITY
AC_NAME,Karnataka,TUMKUR RURAL,TUMKUR RURAL
AC_NAME,Karnataka,TURAVEKERE,TURUVEKERE
AC_NAME,Karnataka,TURUVEKERE,TURUVEKERE
AC_NAME,Karnataka,UCHAGAON,UCHAGDAN
AC_NAME,Karnataka,UCHAGDAN,UCHAGDAN
AC_NAME,Karnataka,UDIPI,UDUPI
AC_NAME,Karnataka,UDUPI,UDUPI
AC_NAME,Karnataka,ULLAL,ULLAL
AC_NAME,Karnataka,ULSOOR,ULSOOR
AC_NAME,Karnataka,UTTARAHALLI,UTTARAHALLI
AC_NAME,Karnataka,VARTHUR,VARTHUR
AC_NAME,Karnataka,VARUNA,VARUNA
AC_NAME,Karnataka,VEMAGAL,VEMAGAL
AC_NAME,Karnataka,VEMGAL,VEMAGAL
AC_NAME,Karnataka,VIJAY NAGAR,VIJAY NAGAR
AC_NAME,Karnataka,VIJAYANAGARA,VIJAYANAGARA
AC_NAME,Karnataka,VIRAJPET,VIRAJPET
AC_NAME,Karnataka,VIRUPAKSHIPUR,VIRUPAKSHIPURA
AC_NAME,Karnataka,VIRUPAKSHIPURA,VIRUPAKSHIPURA
AC_NAME,Karnataka,VITTAL,VITTAL
AC_NAME,Karnataka,YADGIR,YADGIR
AC_NAME,Karnataka,YAMKANAMARDI,YEMKANMARDI
AC_NAME,Karnataka,YELABURGA,YELBURGA
AC_NAME,Karnataka,YELAHANKA,YELAHANKA
AC_NAME,Karnataka,YELBURGA,YELBURGA
AC_NAME,Karnataka,YELLAPUR,YELLAPUR
AC_NAME,Karnataka,YEMKANMARDI,YEMKANMARDI
AC_NAME,Karnataka,YESHVANTHAPURA,YESHWANTAPURA
AC_NAME,Karnataka,YESHWANTAPURA,YESHWANTAPURA
AC_NAME,Sikkim,ARITHANG,ARITHANG
AC_NAME,Sikkim,ASSAM LINGJEY,ASSAM-LINGJEY
AC_NAME,Sikkim,ASSAM-LINGJEY,ASSAM-LINGJEY
AC_NAME,Sikkim,ASSAM-LINGJEY BL,ASSAM-LINGJEY
AC_NAME,Sikkim,BARFUNG,BARFUNG
AC_NAME,Sikkim,BARMIOK,BARMIOK
AC_NAME,Sikkim,CENTRAL PENDAM-EAST PENDAM,CENTRAL PENDAM-EAST PENDAM
AC_NAME,Sikkim,CHAKUNG,CHAKUNG
AC_NAME,Sikkim,CHUJACHEN,CHUJACHEN
AC_NAME,Sikkim,DAMTHANG,DAMTHANG
AC_NAME,Sikkim,DARAMDIN,DARAMDIN
AC_NAME,Sikkim,DENTAM,DENTAM
AC_NAME,Sikkim,DJONGU,DJONGU
AC_NAME,Sikkim,DJONGU BL,DJONGU
AC_NAME,Sikkim,GANGTOK,GANGTOK
AC_NAME,Sikkim,GEYZING,GYALSHING-BARNYAK
AC_NAME,Sikkim,GNATHANG-MACHONG,GNATHANG-MACHONG
AC_NAME,Sikkim,GYALSHING-BARNYAK,GYALSHING-BARNYAK
AC_NAME,Sikkim,JORTHANG-NAYABAZAR,JORTHANG-NAYABAZAR
AC_NAME,Sikkim,KABI LUNGCHUK,KABI LUNGCHUK
AC_NAME,Sikkim,KABI TINGDA,KABI TINGDA
AC_NAME,Sikkim,KABI TINGDA BL,KABI TINGDA
AC_NAME,Sikkim,KHAMDONG,KHAMDONG
AC_NAME,Sikkim,KHAMDONG-SINGTAM,KHAMDONG-SINGTAM
AC_NAME,Sikkim,LACHEN MANGAN,LACHEN MANGAN
AC_NAME,Sikkim,LACHEN MANGSHILA,LACHEN MANGAN
AC_NAME,Sikkim,LACHEN MANGSHILA BL,LACHEN MANGAN
AC_NAME,Sikkim,LOOSING PACHEKHANI,LOOSING PACHEKHANI
AC_NAME,Sikkim,MANEYBUNG-DENTAM,MANEYBUNG-DENTAM
AC_NAME,Sikkim,MARTAM,MARTAM
AC_NAME,Sikkim,MARTAM BL,MARTAM
AC_NAME,Sikkim,MARTAM-RUMTEK,MARTAM-RUMTEK
AC_NAME,Sikkim,MELLI,MELLI
AC_NAME,Sikkim,NAMCHEYBUNG,NAMCHEYBUNG
AC_NAME,Sikkim,NAMCHI-SINGHITHANG,NAMCHI-SINGHITHANG
AC_NAME,Sikkim,NAMTHANG-RATEYPANI,NAMTHANG-RATEYPANI
AC_NAME,Sikkim,PATHING,PATHING
AC_NAME,Sikkim,PATHING BL,PATHING
AC_NAME,Sikkim,POKLOK-KAMRANG,POKLOK-KAMRANG
AC_NAME,Sikkim,RAKDONG TENTEK,RAKDONG TINTEK
AC_NAME,Sikkim,RAKDONG TENTEK BL,RAKDONG TINTEK
AC_NAME,Sikkim,RAKDONG TINTEK,RAKDONG TINTEK
AC_NAME,Sikkim,RALANG,RALANG
AC_NAME,Sikkim,RALONG,RALANG
AC_NAME,Sikkim,RALONG BL,RALANG
AC_NAME,Sikkim,RANGANG-YANGANG,RANGANG-YANGANG
AC_NAME,Sikkim,RANKA,RANKA
AC_NAME,Sikkim,RANKA BL,RANKA
AC_NAME,Sikkim,RATEYPANI - WEST PENDAM,RATEYPANI - WEST PENDAM
AC_NAME,Sikkim,REGU,REGU
AC_NAME,Sikkim,RHENOCK,RHENOCK
AC_NAME,Sikkim,RINCHENPONG,RINCHENPONG
AC_NAME,Sikkim,RINCHENPONG BL,RINCHENPONG
AC_NAME,Sikkim,RUMTEK,RUMTEK
AC_NAME,Sikkim,RUMTEK BL,RUMTEK
AC_NAME,Sikkim,SALGHARI-ZOOM,SALGHARI-ZOOM
AC_NAME,Sikkim,SANGHA,SANGHA
AC_NAME,Sikkim,SANGHA (SANGHA),SANGHA
AC_NAME,Sikkim,SHYARI,SHYARI
AC_NAME,Sikkim,SOREONG,SOREONG
AC_NAME,Sikkim,SOREONG-CHAKUNG,SOREONG-CHAKUNG
AC_NAME,Sikkim,TASHIDING,TASHIDING
AC_NAME,Sikkim,TASHIDING BL,TASHIDING
AC_NAME,Sikkim,TEMI-NAMPHING,TEMI-NAMPHING
AC_NAME,Sikkim,TEMI-TARKU,TEMI-TARKU
AC_NAME,Sikkim,TUMEN-LINGI,TUMEN-LINGI
AC_NAME,Sikkim,UPPER BURTUK,UPPER BURTUK
AC_NAME,Sikkim,UPPER TADONG,UPPER TADONG
AC_NAME,Sikkim,WAK,WAK
AC_NAME,Sikkim,WEST PENDAM,WEST PENDAM
AC_NAME,Sikkim,YANGTHANG,YANGTHANG
AC_NAME,Sikkim,YOKSAM,YOKSAM
AC_NAME,Sikkim,YOKSAM-TASHIDING,YOKSAM-TASHIDING
AC_NAME,Tamil Nadu,ALANGUDI,ALANGUDI
AC_NAME,Tamil Nadu,ALANGUDY,ALANGUDI
AC_NAME,Tamil Nadu,ANAICUT,ANAICUT
AC_NAME,Tamil Nadu,ANAIKATTU,ANAICUT
AC_NAME,Tamil Nadu,ANDHIYUR,ANDHIYUR
AC_NAME,Tamil Nadu,ANTHIYUR,ANDHIYUR
AC_NAME,Tamil Nadu,ARAKKONAM,ARAKKONAM
AC_NAME,Tamil Nadu,ARANI,ARANI
AC_NAME,Tamil Nadu,ARANTANGI,ARANTHANGI
AC_NAME,Tamil Nadu,ARANTHANGI,ARANTHANGI
AC_NAME,Tamil Nadu,ARIYAIUR,ARIYALUR
AC_NAME,Tamil Nadu,ARIYALUR,ARIYALUR
AC_NAME,Tamil Nadu,ARKONAM,ARAKKONAM
AC_NAME,Tamil Nadu,ARNI,ARANI
AC_NAME,Tamil Nadu,ARUPPUKKOTTAI,ARUPPUKKOTTAI
AC_NAME,Tamil Nadu,ARUPPUKOTTAI,ARUPPUKKOTTAI
AC_NAME,Tamil Nadu,BODINAYAKANUR,BODINAYAKKANUR
AC_NAME,Tamil Nadu,BODINAYAKKANUR,BODINAYAKKANUR
AC_NAME,Tamil Nadu,CHENGALPATTU,CHENGALPATTU
AC_NAME,Tamil Nadu,CHEPAUK,CHEPAUK
AC_NAME,Tamil Nadu,CHEPAUK-THIRUVALLIKENI,CHEPAUK
AC_NAME,Tamil Nadu,CHINGLEPUT,CHENGALPATTU
AC_NAME,Tamil Nadu,CHINNASALEM,KALLAKURICHI
AC_NAME,Tamil Nadu,COIMBATORE (NORTH),COIMBATORE NORTH
AC_NAME,Tamil Nadu,COIMBATORE (SOUTH),COIMBATORE SOUTH
AC_NAME,Tamil Nadu,COIMBATORE EAST,COIMBATORE SOUTH
AC_NAME,Tamil Nadu,COIMBATORE WEST,COIMBATORE NORTH
AC_NAME,Tamil Nadu,COLACHAL,KOLLACHAL
AC_NAME,Tamil Nadu,COLACHEL,KOLLACHAL
AC_NAME,Tamil Nadu,DHARAMAPURI,DHARMAPURI
AC_NAME,Tamil Nadu,DHARMAPURI,DHARMAPURI
AC_NAME,Tamil Nadu,DR. RADHAKRISHNAN NAGAR,DR. RADHAKRISHNAN NAGAR
AC_NAME,Tamil Nadu,DR.RADHAKRISHNAN NAGAR,DR. RADHAKRISHNAN NAGAR
AC_NAME,Tamil Nadu,EDAPADI,EDAPPADI
AC_NAME,Tamil Nadu,EDAPPADI,EDAPPADI
AC_NAME,Tamil Nadu,GANDARVAKOTTAI,GANDHARVAKOTTAI
AC_NAME,Tamil Nadu,GANDHARVAKOTTAI,GANDHARVAKOTTAI
AC_NAME,Tamil Nadu,GANGAIKODAN,GANGAIKONDAN
AC_NAME,Tamil Nadu,GANGAIKONDAN,GANGAIKONDAN
AC_NAME,Tamil Nadu,GUDIYATHAM,GUDIYATTAM
AC_NAME,Tamil Nadu,GUDIYATTAM,GUDIYATTAM
AC_NAME,Tamil Nadu,GUMMIDIPOONDI,GUMMIDIPOONDI
AC_NAME,Tamil Nadu,GUMMIDIPUNDI,GUMMIDIPOONDI
AC_NAME,Tamil Nadu,KALASAPAKKAM,KALASAPAKKAM
AC_NAME,Tamil Nadu,KALASPAKKAM,KALASAPAKKAM
AC_NAME,Tamil Nadu,KALLAKURICHI,KALLAKURICHI
AC_NAME,Tamil Nadu,KANDAMAGALAM,KANDAMANGALAM
AC_NAME,Tamil Nadu,KANDAMANGALAM,KANDAMANGALAM
AC_NAME,Tamil Nadu,KANNIYAKUMARI,KANNIYAKUMARI
AC_NAME,Tamil Nadu,KANYAKUMARI,KANNIYAKUMARI
AC_NAME,Tamil Nadu,KANYAKURMARI,KANNIYAKUMARI
AC_NAME,Tamil Nadu,KARAIKUDI,KARAIKUDI
AC_NAME,Tamil Nadu,KARAIKUDY,KARAIKUDI
AC_NAME,Tamil Nadu,KAVERIPATNAM,KAVERIPATTINAM
AC_NAME,Tamil Nadu,KAVERIPATTINAM,KAVERIPATTINAM
AC_NAME,Tamil Nadu,KINATHUKADAVU,KINATHUKKADAVU
AC_NAME,Tamil Nadu,KINATHUKKADAVU,KINATHUKKADAVU
AC_NAME,Tamil Nadu,KOILPATTI,KOVILPATTI
AC_NAME,Tamil Nadu,KOVILPATTI,KOVILPATTI
AC_NAME,Tamil Nadu,KRISHNARAJAPURAM,KRISHNARAJAPURAM
AC_NAME,Tamil Nadu,KRISHNARAYAPURAM,KRISHNARAJAPURAM
AC_NAME,Tamil Nadu,KULITALAI,KULITHALAI
AC_NAME,Tamil Nadu,KULITHALAI,KULITHALAI
AC_NAME,Tamil Nadu,KULITTALAI,KULITHALAI
AC_NAME,Tamil Nadu,LUNDURPET,ULUNDURPET
AC_NAME,Tamil Nadu,MADURANTAKAM,MADURANTHAKAM
AC_NAME,Tamil Nadu,MADURANTHAKAM,MADURANTHAKAM
AC_NAME,Tamil Nadu,MANGALORE,MANGALUR
AC_NAME,Tamil Nadu,MANGALUR,MANGALUR
AC_NAME,Tamil Nadu,MAYILADUTHURAI,MAYURAM
AC_NAME,Tamil Nadu,MAYURAM,MAYURAM
AC_NAME,Tamil Nadu,METTUPALAYAM,METTUPPALAYAM
AC_NAME,Tamil Nadu,METTUPPALAYAM,METTUPPALAYAM
AC_NAME,Tamil Nadu,MODAKKURICHI,MODAKKURICHI
AC_NAME,Tamil Nadu,MODAKURICHI,MODAKKURICHI
AC_NAME,Tamil Nadu,MUDHUKULATHUR,MUDHUKULATHUR
AC_NAME,Tamil Nadu,MUDUKULATHUR,MUDHUKULATHUR
AC_NAME,Tamil Nadu,NILAKKOTTAI,NILAKKOTTAI
AC_NAME,Tamil Nadu,NILAKOTTAI,NILAKKOTTAI
AC_NAME,Tamil Nadu,ODDAMCHATRAM,ODDAMCHATRAM
AC_NAME,Tamil Nadu,ODDANCHATRAM,ODDAMCHATRAM
AC_NAME,Tamil Nadu,OOTACAMUND,UDHAGAMANDALAM
AC_NAME,Tamil Nadu,ORATHANAD,ORATHANADU
AC_NAME,Tamil Nadu,ORATHANADU,ORATHANADU
AC_NAME,Tamil Nadu,OTTAPIDARAM,OTTAPIDARAM
AC_NAME,Tamil Nadu,PALACODE,PALACODU
AC_NAME,Tamil Nadu,PALACODU,PALACODU
AC_NAME,Tamil Nadu,PALAYAMCOTTAI,PALAYAMKOTTAI
AC_NAME,Tamil Nadu,PALAYAMKOTTAI,PALAYAMKOTTAI
AC_NAME,Tamil Nadu,PANAMARATHUPATTI,PANAMARATHUPATTI
AC_NAME,Tamil Nadu,PANAMARATHUPATTY,PANAMARATHUPATTI
AC_NAME,Tamil Nadu,PANAMRATHUPATTI,PANAMARATHUPATTI
AC_NAME,Tamil Nadu,PERAMBALUR,PERAMBALUR
AC_NAME,Tamil Nadu,PERAURANI,PERAVURANI
AC_NAME,Tamil Nadu,PERAVURANI,PERAVURANI
AC_NAME,Tamil Nadu,PERIAKULAM,PERIYAKULAM
AC_NAME,Tamil Nadu,PERIYAKULAM,PERIYAKULAM
AC_NAME,Tamil Nadu,PERNAMALLUR,PERAMBALUR
AC_NAME,Tamil Nadu,PERNAMBATTU,PERNAMBATTU
AC_NAME,Tamil Nadu,PERNAMBUT,PERNAMBATTU
AC_NAME,Tamil Nadu,PERUNDURAI,PERUNDURAI
AC_NAME,Tamil Nadu,PERUNIURAI,PERUNDURAI
AC_NAME,Tamil Nadu,POONAMALLEE,POONAMALLEE
AC_NAME,Tamil Nadu,POONMALLAE,POONAMALLEE
AC_NAME,Tamil Nadu,POTTAPIDARAM,OTTAPIDARAM
AC_NAME,Tamil Nadu,RISHIVADIYAM,RISHIVADIYAM
AC_NAME,Tamil Nadu,RISHIVADIYAM,RISHIVANDIYAM
AC_NAME,Tamil Nadu,RISHIVANDIAM,RISHIVADIYAM
AC_NAME,Tamil Nadu,RISHIVANDIAM,RISHIVANDIYAM
AC_NAME,Tamil Nadu,RISHIVANDIYAM,RISHIVADIYAM
AC_NAME,Tamil Nadu,RISHIVANDIYAM,RISHIVANDIYAM
AC_NAME,Tamil Nadu,SALEM I,SALEM-I
AC_NAME,Tamil Nadu,SALEM I I,SALEM-II
AC_NAME,Tamil Nadu,SALEM-I,SALEM-I
AC_NAME,Tamil Nadu,SALEM-II,SALEM-II
AC_NAME,Tamil Nadu,SANKARANAYANARKOIL,SANKARANKOVIL
AC_NAME,Tamil Nadu,SANKARANKOIL,SANKARANKOVIL
AC_NAME,Tamil Nadu,SANKARANKOVIL,SANKARANKOVIL
AC_NAME,Tamil Nadu,SATHYAMANGALAM,SATHYAMANGALAM
AC_NAME,Tamil Nadu,SATYAMANGALAM,SATHYAMANGALAM
AC_NAME,Tamil Nadu,SENDAMANGALAM,SENTHAMANGALAM
AC_NAME,Tamil Nadu,SENTHAMANGALAM,SENTHAMANGALAM
AC_NAME,Tamil Nadu,SHOKINGHUR,SHOLINGHUR
AC_NAME,Tamil Nadu,SHOLINGHUR,SHOLINGHUR
AC_NAME,Tamil Nadu,SHOLINGHUR,SHOLINGHUR
AC_NAME,Tamil Nadu,SHOLINGHUR,SHOLINGUR
AC_NAME,Tamil Nadu,SHOLINGUR,SHOLINGHUR
AC_NAME,Tamil Nadu,SHOLINGUR,SHOLINGUR
AC_NAME,Tamil Nadu,SIRKALI,SIRKAZHI
AC_NAME,Tamil Nadu,SIRKAZHI,SIRKAZHI
AC_NAME,Tamil Nadu,SRIVAIKUNTAM,SRIVAIKUNTAM
AC_NAME,Tamil Nadu,SRIVAIKUNTAR,SRIVAIKUNTAM
AC_NAME,Tamil Nadu,THANDARAMBATTU,THANDARAMBATTU
AC_NAME,Tamil Nadu,THANDRAMBA,THANDARAMBATTU
AC_NAME,Tamil Nadu,THANDRAMBATTU,THANDARAMBATTU
AC_NAME,Tamil Nadu,THEAGARAYA NAGAR,T-NAGAR
AC_NAME,Tamil Nadu,THIAGARAYANAGAR,T-NAGAR
AC_NAME,Tamil Nadu,THIAGARAYANAGAR,T-NAGAR
AC_NAME,Tamil Nadu,THIRUMAIYAM,THIRUMAIYAM
AC_NAME,Tamil Nadu,THIRUMAYAM,THIRUMAIYAM
AC_NAME,Tamil Nadu,THIRUPARANKUNDRAM,THIRUPPARANKUNDRAM
AC_NAME,Tamil Nadu,THIRUPORUR,THIRUPORUR
AC_NAME,Tamil Nadu,THIRUPPARANKUNDRAM,THIRUPPARANKUNDRAM
AC_NAME,Tamil Nadu,THIRUTHURAIPOONDI,THIRUTHURAIPOONDI
AC_NAME,Tamil Nadu,THIRUTHURAIPUNDI,THIRUTHURAIPOONDI
AC_NAME,Tamil Nadu,THIRUTHURAIPUNDI,THIRUTHURAIPUNDI
AC_NAME,Tamil Nadu,THIRUVAIYARU,THIRUVAIYARU
AC_NAME,Tamil Nadu,THIRUVALLUR,THIRUVALLUR
AC_NAME,Tamil Nadu,THIRUVARAMBUR,THIRUVERAMBUR
AC_NAME,Tamil Nadu,THIRUVARUR,THIRUVARUR
AC_NAME,Tamil Nadu,THIRUVATTAR,THIRUVATTAR
AC_NAME,Tamil Nadu,THIRUVERAMBUR,THIRUVERAMBUR
AC_NAME,Tamil Nadu,THIRUVERAMBUR,THIRUVERUMBUR
AC_NAME,Tamil Nadu,THIRUVIDAIMARUDUR,THIRUVIDAIMARUDUR
AC_NAME,Tamil Nadu,THIRUVIDAMARUDUR,THIRUVIDAIMARUDUR
AC_NAME,Tamil Nadu,THIRUVOTTIYUR,THIRUVOTTIYUR
AC_NAME,Tamil Nadu,THIYAGARAYANAGAR,T-NAGAR
AC_NAME,Tamil Nadu,THOTTIAM,THOTTIYAM
AC_NAME,Tamil Nadu,THOTTIYAM,THOTTIYAM
AC_NAME,Tamil Nadu,THOUSAND LIGHTS,THOUSAND LIGHTS
AC_NAME,Tamil Nadu,THOUSANDLIGHTS,THOUSAND LIGHTS
AC_NAME,Tamil Nadu,TIRUCHENGODE,TIRUCHENGODU
AC_NAME,Tamil Nadu,TIRUCHENGODU,TIRUCHENGODU
AC_NAME,Tamil Nadu,TIRUCHIRAPALLI-I,TIRUCHIRAPALLI-I
AC_NAME,Tamil Nadu,TIRUCHIRAPALLI-II,TIRUCHIRAPALLI-II
AC_NAME,Tamil Nadu,TIRUCHIRAPPALLI I,TIRUCHIRAPALLI-I
AC_NAME,Tamil Nadu,TIRUCHIRAPPALLI I I,TIRUCHIRAPALLI-II
AC_NAME,Tamil Nadu,TIRUCHIRAPPALLI-I,TIRUCHIRAPALLI-I
AC_NAME,Tamil Nadu,TIRUCHIRAPPALLI-II,TIRUCHIRAPALLI-II
AC_NAME,Tamil Nadu,TIRUKKOILUR,TIRUKKOILUR
AC_NAME,Tamil Nadu,TIRUKKOILUR,TIRUKKOYILUR
AC_NAME,Tamil Nadu,TIRUKKOYILUR,TIRUKKOYILUR
AC_NAME,Tamil Nadu,TIRUKOILUR,TIRUKKOILUR
AC_NAME,Tamil Nadu,TIRUPATTUR,TIRUPPATTUR
AC_NAME,Tamil Nadu,TIRUPORUR,TIRUPPORUR
AC_NAME,Tamil Nadu,TIRUPPARANKUNDRAM,THIRUPPARANKUNDRAM
AC_NAME,Tamil Nadu,TIRUPPATTUR,TIRUPPATTUR
AC_NAME,Tamil Nadu,TIRUPPORUR,THIRUPORUR
AC_NAME,Tamil Nadu,TIRUPPORUR,TIRUPPORUR
AC_NAME,Tamil Nadu,TIRUTHURAIPUNDI,THIRUTHURAIPUNDI
AC_NAME,Tamil Nadu,TIRUVAIYARU,THIRUVAIYARU
AC_NAME,Tamil Nadu,TIRUVALLUR,THIRUVALLUR
AC_NAME,Tamil Nadu,TIRUVARUR,THIRUVARUR
AC_NAME,Tamil Nadu,TIRUVATTAR,THIRUVATTAR
AC_NAME,Tamil Nadu,TIRUVOTRIYUR,THIRUVOTTIYUR
AC_NAME,Tamil Nadu,UDHAGAMANDALAM,UDHAGAMANDALAM
AC_NAME,Tamil Nadu,UDUMALAIPETTAI,UDUMALPET
AC_NAME,Tamil Nadu,UDUMALPET,UDUMALPET
AC_NAME,Tamil Nadu,ULUNDURPET,ULUNDURPET
AC_NAME,Tamil Nadu,ULUNDURPETTAI,ULUNDURPET
AC_NAME,Tamil Nadu,UPPILIAPURAM,UPPILIAPURAM
AC_NAME,Tamil Nadu,UPPILIYAPURAM,UPPILIAPURAM
AC_NAME,Tamil Nadu,UTHANGARAI,UTHANGARAI
AC_NAME,Tamil Nadu,UTTANGARAI,UTHANGARAI
AC_NAME,Tamil Nadu,VANDAVASHI,VANDAVASI
AC_NAME,Tamil Nadu,VANDAVASI,VANDAVASI
AC_NAME,Tamil Nadu,VANDAVASI,VANDAVASI
AC_NAME,Tamil Nadu,VANIAYAMBADI,VANIYAMBADI
AC_NAME,Tamil Nadu,VANIYAMBADI,VANIYAMBADI
AC_NAME,Tamil Nadu,VEERAPANDI,VEERAPANDI
AC_NAME,Tamil Nadu,VEERAPANDY,VEERAPANDI
AC_NAME,Tamil Nadu,VIRUDHUNAGAR,VIRUDHUNAGAR
AC_NAME,Tamil Nadu,VIRUDUNAGAR,VIRUDHUNAGAR
AC_NAME,Tamil Nadu,VRIDDHACHALAM,VRIDHACHALAM
AC_NAME,Tamil Nadu,VRIDHACHALAM,VRIDHACHALAM
AC_NAME,Tamil Nadu,WANDIWASH,VANDAVASI
PARTY,,Aam Aadmi Party,AAP
PARTY,,ADK,ADMK
PARTY,,ADMK,ADMK
PARTY,,AIADMK,ADMK
PARTY,,Bahujan Samaj Party,BSP
PARTY,,Bahujan Sangharshh Dal,BSD
PARTY,,Bharatiya Janata Party,BJP
PARTY,,Bharatiya Yuva Shakti,BYS
PARTY,,Bhartiya Shakti Chetna Party,BSCP
PARTY,,Communist Party of India,CPI
PARTY,,Communist Party of India  (Marxist),CPM
PARTY,,CPI(M),CPM
PARTY,,CPI(ML)(,CPI(ML)(L)
PARTY,,Gondvana Gantantra Party,GGP
PARTY,,INC(I),INC
PARTY,,Independent,IND
PARTY,,Indian National Congress,INC
PARTY,,Janata Dal  (United),JD(U)
PARTY,,JNP,JNP
PARTY,,JNP(JP),JNP
PARTY,,Lok Jan Shakti Party,LJSP
PARTY,,MADMK,MDMK
PARTY,,MAMAK,MDMK
PARTY,,MDMK,MDMK
PARTY,,National People<92>s Party,NPP
PARTY,,Nationalist Congress Party,NCP
PARTY,,Samajwadi Party,SP
ST_NAME,,MadhyaPradesh,Madhya Pradesh
